Algorithm,Time Ran,Profit,Optional Profit,Tasks Scheduled,Required Tasks Scheduled,Optional Tasks Scheduled,Waiting Time,Working Time,Distance Traveled,Test Name,Available Tasks,Days,Average Duration of Tasks,Average Time Windows Per Task,Average Length of Time Windows,Available Release Tasks,VNS Incumbent Profit,intProg Optimal
GBOOBD,0.00848698616027832,5410.0,202.0,46,8,38,236.0,2398.0,1206,test_baseline_0.csv,64,3,58.28125,2.640625,218,0,,
GBOFRT,0.008114814758300781,5436.0,228.0,42,8,34,523.0,2197.0,1032,test_baseline_0.csv,64,3,58.28125,2.640625,218,0,,
GBOPOA,0.007998943328857422,5437.0,229.0,43,8,35,519.0,2237.0,1150,test_baseline_0.csv,64,3,58.28125,2.640625,218,0,,
GBOOBP,0.008270025253295898,5436.0,228.0,42,8,34,523.0,2197.0,1032,test_baseline_0.csv,64,3,58.28125,2.640625,218,0,,
GPC,0.12612199783325195,2158.0,205.0,41,3,38,734.0,2190.0,894,test_baseline_0.csv,64,3,58.28125,2.640625,218,0,,
VNS,300.3343150615692,5442.0,234.0,46,8,38,165.0,2411.0,1271,test_baseline_0.csv,64,3,58.28125,2.640625,218,0,5437.0,
TRI,300.00305819511414,5423.0,215.0,45,8,37,416.0,2603.0,1023,test_baseline_0.csv,64,3,58.28125,2.640625,218,0,,
IP,305.37408804893494,5451.0,243.0,49,8,41,176.0000000000012,2572.0,1220,test_baseline_0.csv,64,3,58.28125,2.640625,218,0,,False
GBOOBD,0.009951114654541016,5489.0,281.0,57,8,49,1021.0,3873.0,1594,test_fiveDay_0.csv,64,5,70.75,4.671875,209,0,,
GBOFRT,0.009135007858276367,5484.0,276.0,50,8,42,1415.0,3408.0,1399,test_fiveDay_0.csv,64,5,70.75,4.671875,209,0,,
GBOPOA,0.00929403305053711,5494.0,286.0,53,8,45,1104.0,3689.0,1419,test_fiveDay_0.csv,64,5,70.75,4.671875,209,0,,
GBOOBP,0.009378910064697266,5484.0,276.0,50,8,42,1415.0,3408.0,1399,test_fiveDay_0.csv,64,5,70.75,4.671875,209,0,,
GPC,0.15070390701293945,3516.0,261.0,51,5,46,1205.0,3382.0,1376,test_fiveDay_0.csv,64,5,70.75,4.671875,209,0,,
VNS,304.0314359664917,5504.0,296.0,56,8,48,703.0,3866.0,1498,test_fiveDay_0.csv,64,5,70.75,4.671875,209,0,5494.0,
TRI,300.0074408054352,5513.0,305.0,57,8,49,857.0,3895.0,1521,test_fiveDay_0.csv,64,5,70.75,4.671875,209,0,,
IP,308.9059190750122,5524.0,316.0,60,8,52,859.9999999999977,4226.0,1742,test_fiveDay_0.csv,64,5,70.75,4.671875,209,0,,False
GBOOBD,0.018725156784057617,4606.0,49.0,15,7,8,152.0,855.0,319,test_oneDay_0.csv,64,1,63.640625,1.484375,215,0,,
GBOFRT,0.007451057434082031,4617.0,60.0,15,7,8,151.0,752.0,404,test_oneDay_0.csv,64,1,63.640625,1.484375,215,0,,
GBOPOA,0.007069110870361328,3978.0,72.0,16,6,10,73.0,825.0,429,test_oneDay_0.csv,64,1,63.640625,1.484375,215,0,,
GBOOBP,0.006955862045288086,4617.0,60.0,15,7,8,151.0,752.0,404,test_oneDay_0.csv,64,1,63.640625,1.484375,215,0,,
GPC,0.03972792625427246,68.0,68.0,13,0,13,203.0,775.0,356,test_oneDay_0.csv,64,1,63.640625,1.484375,215,0,,
VNS,303.7863039970398,4628.0,71.0,17,7,10,25.0,817.0,435,test_oneDay_0.csv,64,1,63.640625,1.484375,215,0,4617.0,
TRI,300.00550603866577,3968.0,62.0,14,6,8,78.0,882.0,359,test_oneDay_0.csv,64,1,63.640625,1.484375,215,0,,
IP,301.9341859817505,1381.0,79.0,16,2,14,63.99999999999977,812.0,460,test_oneDay_0.csv,64,1,63.640625,1.484375,215,0,,False
GBOOBD,0.018951892852783203,53904.0,1896.0,46,8,38,550.0,2214.0,1174,test_oneHundredPriority_0.csv,64,3,56.53125,2.578125,200,0,,
GBOFRT,0.008256912231445312,54216.0,2208.0,45,8,37,580.0,2186.0,971,test_oneHundredPriority_0.csv,64,3,56.53125,2.578125,200,0,,
GBOPOA,0.008258819580078125,54162.0,2154.0,44,8,36,677.0,2214.0,1012,test_oneHundredPriority_0.csv,64,3,56.53125,2.578125,200,0,,
GBOOBP,0.008404970169067383,54216.0,2208.0,45,8,37,580.0,2186.0,971,test_oneHundredPriority_0.csv,64,3,56.53125,2.578125,200,0,,
GPC,0.12010407447814941,27865.0,1861.0,43,4,39,483.0,2315.0,1144,test_oneHundredPriority_0.csv,64,3,56.53125,2.578125,200,0,,
VNS,303.6269111633301,54234.0,2226.0,46,8,38,465.0,2190.0,1017,test_oneHundredPriority_0.csv,64,3,56.53125,2.578125,200,0,54216.0,
TRI,300.007915019989,54133.0,2125.0,46,8,38,285.0,2440.0,1198,test_oneHundredPriority_0.csv,64,3,56.53125,2.578125,200,0,,
IP,305.45202898979187,54365.0,2357.0,49,8,41,275.00000000001245,2402.0,1232,test_oneHundredPriority_0.csv,64,3,56.53125,2.578125,200,0,,False
GBOOBD,0.008901834487915039,5372.0,164.0,35,8,27,311.0,1969.0,1483,test_oneHundredTwentyLocation_0.csv,64,3,59.75,3.28125,212,0,,
GBOFRT,0.008935213088989258,5403.0,195.0,36,8,28,421.0,1993.0,1420,test_oneHundredTwentyLocation_0.csv,64,3,59.75,3.28125,212,0,,
GBOPOA,0.008611202239990234,5394.0,186.0,34,8,26,314.0,1937.0,1600,test_oneHundredTwentyLocation_0.csv,64,3,59.75,3.28125,212,0,,
GBOOBP,0.008996009826660156,5403.0,195.0,36,8,28,421.0,1993.0,1420,test_oneHundredTwentyLocation_0.csv,64,3,59.75,3.28125,212,0,,
GPC,0.10512304306030273,2127.0,174.0,34,3,31,396.0,1771.0,1742,test_oneHundredTwentyLocation_0.csv,64,3,59.75,3.28125,212,0,,
VNS,303.7996139526367,5415.0,207.0,38,8,30,98.0,2139.0,1461,test_oneHundredTwentyLocation_0.csv,64,3,59.75,3.28125,212,0,5403.0,
TRI,300.00357604026794,5409.0,201.0,39,8,31,461.0,2108.0,1414,test_oneHundredTwentyLocation_0.csv,64,3,59.75,3.28125,212,0,,
IP,305.40861105918884,5423.0,215.0,41,8,33,151.00000000000807,2311.0,1625,test_oneHundredTwentyLocation_0.csv,64,3,59.75,3.28125,212,0,,False
GBOOBD,0.023068904876708984,566.0,38.0,46,8,38,358.0,2315.0,1362,test_onePriority_0.csv,64,3,57.53125,3.0,208,0,,
GBOFRT,0.009211063385009766,566.0,38.0,46,8,38,358.0,2315.0,1362,test_onePriority_0.csv,64,3,57.53125,3.0,208,0,,
GBOPOA,0.008465051651000977,565.0,37.0,45,8,37,506.0,2268.0,1276,test_onePriority_0.csv,64,3,57.53125,3.0,208,0,,
GBOOBP,0.00905609130859375,566.0,38.0,46,8,38,358.0,2315.0,1362,test_onePriority_0.csv,64,3,57.53125,3.0,208,0,,
GPC,0.13807010650634766,501.0,39.0,46,7,39,475.0,2322.0,1234,test_onePriority_0.csv,64,3,57.53125,3.0,208,0,,
VNS,303.909499168396,567.0,39.0,47,8,39,140.0,2391.0,1375,test_onePriority_0.csv,64,3,57.53125,3.0,208,0,566.0,
TRI,300.00724816322327,568.0,40.0,48,8,40,445.0,2388.0,1256,test_onePriority_0.csv,64,3,57.53125,3.0,208,0,,
IP,305.4301059246063,570.0,42.0,50,8,42,325.99999999998926,2551.0,1257,test_onePriority_0.csv,64,3,57.53125,3.0,208,0,,False
GBOOBD,0.032559871673583984,19534.0,169.0,48,15,33,304.0,2298.0,1313,test_oneTwentyEightTask_0.csv,128,3,61.984375,2.9375,206,0,,
GBOFRT,0.024770021438598633,19603.0,238.0,46,15,31,324.0,2395.0,1270,test_oneTwentyEightTask_0.csv,128,3,61.984375,2.9375,206,0,,
GBOPOA,0.023971080780029297,19603.0,238.0,47,15,32,358.0,2442.0,1159,test_oneTwentyEightTask_0.csv,128,3,61.984375,2.9375,206,0,,
GBOOBP,0.024605989456176758,19603.0,238.0,46,15,31,324.0,2395.0,1270,test_oneTwentyEightTask_0.csv,128,3,61.984375,2.9375,206,0,,
GPC,0.4377319812774658,9266.0,229.0,50,7,43,396.0,2318.0,1258,test_oneTwentyEightTask_0.csv,128,3,61.984375,2.9375,206,0,,
VNS,303.9959008693695,19606.0,241.0,48,15,33,150.0,2456.0,1309,test_oneTwentyEightTask_0.csv,128,3,61.984375,2.9375,206,0,19603.0,
TRI,300.0171220302582,14424.0,223.0,53,11,42,371.0,2500.0,1133,test_oneTwentyEightTask_0.csv,128,3,61.984375,2.9375,206,0,,
IP,328.2363519668579,14407.0,206.0,44,11,33,454.99999999998136,2209.0,1235,test_oneTwentyEightTask_0.csv,128,3,61.984375,2.9375,206,0,,False
GBOOBD,0.023180007934570312,5426.0,218.0,44,8,36,335.0,2416.0,1070,test_oneWindow_0.csv,64,3,60.953125,2.25,199,0,,
GBOFRT,0.007904052734375,5441.0,233.0,42,8,34,596.0,2258.0,1060,test_oneWindow_0.csv,64,3,60.953125,2.25,199,0,,
GBOPOA,0.007896900177001953,5444.0,236.0,42,8,34,563.0,2275.0,968,test_oneWindow_0.csv,64,3,60.953125,2.25,199,0,,
GBOOBP,0.0076940059661865234,5441.0,233.0,42,8,34,596.0,2258.0,1060,test_oneWindow_0.csv,64,3,60.953125,2.25,199,0,,
GPC,0.12653088569641113,4105.0,199.0,42,6,36,416.0,2166.0,1081,test_oneWindow_0.csv,64,3,60.953125,2.25,199,0,,
VNS,303.667023897171,5458.0,250.0,46,8,38,201.0,2410.0,1000,test_oneWindow_0.csv,64,3,60.953125,2.25,199,0,5444.0,
TRI,300.0026559829712,5442.0,234.0,45,8,37,545.0,2398.0,982,test_oneWindow_0.csv,64,3,60.953125,2.25,199,0,,
IP,305.38496804237366,5481.0,273.0,50,8,42,121.99999999999986,2667.0,1171,test_oneWindow_0.csv,64,3,60.953125,2.25,199,0,,False
GBOOBD,0.018185853958129883,5503.0,295.0,64,8,56,2667.0,3812.0,1703,test_sevenDay_0.csv,64,7,59.5625,5.703125,208,0,,
GBOFRT,0.009818077087402344,5493.0,285.0,62,8,54,2280.0,3633.0,1720,test_sevenDay_0.csv,64,7,59.5625,5.703125,208,0,,
GBOPOA,0.009207963943481445,5503.0,295.0,64,8,56,1911.0,3812.0,1660,test_sevenDay_0.csv,64,7,59.5625,5.703125,208,0,,
GBOOBP,0.011429071426391602,5493.0,285.0,62,8,54,2280.0,3633.0,1720,test_sevenDay_0.csv,64,7,59.5625,5.703125,208,0,,
GPC,0.15744805335998535,5481.0,273.0,61,8,53,1764.0,3568.0,1598,test_sevenDay_0.csv,64,7,59.5625,5.703125,208,0,,
VNS,304.1922709941864,5503.0,295.0,64,8,56,1041.0,3812.0,1660,test_sevenDay_0.csv,64,7,59.5625,5.703125,208,0,5503.0,
TRI,300.0046339035034,5503.0,295.0,64,8,56,1432.0,3812.0,1667,test_sevenDay_0.csv,64,7,59.5625,5.703125,208,0,,
IP,68.46103310585022,5503.0,295.0,64,8,56,2633.999999999995,3812.0,1810,test_sevenDay_0.csv,64,7,59.5625,5.703125,208,0,,True
GBOOBD,0.01753997802734375,4115.0,209.0,46,6,40,399.0,2491.0,1142,test_sixteenDependencies_0.csv,64,3,59.5,3.0625,215,16,,
GBOFRT,0.00800180435180664,5419.0,211.0,44,8,36,390.0,2331.0,1188,test_sixteenDependencies_0.csv,64,3,59.5,3.0625,215,16,,
GBOPOA,0.006543159484863281,4110.0,204.0,42,6,36,683.0,2195.0,1123,test_sixteenDependencies_0.csv,64,3,59.5,3.0625,215,16,,
GBOOBP,0.006640195846557617,4099.0,193.0,40,6,34,594.0,2047.0,1091,test_sixteenDependencies_0.csv,64,3,59.5,3.0625,215,16,,
GPC,0.0999910831451416,4088.0,182.0,42,6,36,622.0,2247.0,1038,test_sixteenDependencies_0.csv,64,3,59.5,3.0625,215,16,,
VNS,304.07888889312744,4121.0,215.0,48,6,42,98.0,2576.0,1154,test_sixteenDependencies_0.csv,64,3,59.5,3.0625,215,16,4115.0,
TRI,300.0058479309082,5414.0,206.0,45,8,37,599.0,2437.0,1078,test_sixteenDependencies_0.csv,64,3,59.5,3.0625,215,16,,
IP,305.45283818244934,5439.0,231.0,50,8,42,175.00000000000148,2463.0,1436,test_sixteenDependencies_0.csv,64,3,59.5,3.0625,215,16,,False
GBOOBD,0.01736593246459961,10578.0,162.0,42,16,26,442.0,2197.0,1227,test_sixteenRequired_0.csv,64,3,61.15625,3.296875,213,0,,
GBOFRT,0.010206937789916992,10597.0,181.0,42,16,26,409.0,2237.0,1203,test_sixteenRequired_0.csv,64,3,61.15625,3.296875,213,0,,
GBOPOA,0.010377883911132812,10594.0,178.0,43,16,27,352.0,2235.0,1248,test_sixteenRequired_0.csv,64,3,61.15625,3.296875,213,0,,
GBOOBP,0.009351015090942383,10597.0,181.0,42,16,26,409.0,2237.0,1203,test_sixteenRequired_0.csv,64,3,61.15625,3.296875,213,0,,
GPC,0.12114906311035156,6683.0,173.0,41,10,31,573.0,2324.0,1096,test_sixteenRequired_0.csv,64,3,61.15625,3.296875,213,0,,
VNS,303.7084171772003,10601.0,185.0,44,16,28,199.0,2338.0,1265,test_sixteenRequired_0.csv,64,3,61.15625,3.296875,213,0,10597.0,
TRI,300.00457096099854,10549.0,133.0,41,16,25,501.0,2306.0,1117,test_sixteenRequired_0.csv,64,3,61.15625,3.296875,213,0,,
IP,305.4524841308594,10630.0,214.0,50,16,34,176.99999999999818,2683.0,1132,test_sixteenRequired_0.csv,64,3,61.15625,3.296875,213,0,,False
GBOOBD,0.023565053939819336,406.0,64.0,16,2,14,552.0,955.0,473,test_sixteenTask_0.csv,16,3,59.6875,2.75,225,0,,
GBOFRT,0.0010368824005126953,406.0,64.0,16,2,14,902.0,955.0,408,test_sixteenTask_0.csv,16,3,59.6875,2.75,225,0,,
GBOPOA,0.0009889602661132812,406.0,64.0,16,2,14,1398.0,955.0,356,test_sixteenTask_0.csv,16,3,59.6875,2.75,225,0,,
GBOOBP,0.0010280609130859375,406.0,64.0,16,2,14,902.0,955.0,408,test_sixteenTask_0.csv,16,3,59.6875,2.75,225,0,,
GPC,0.0041179656982421875,235.0,64.0,15,1,14,759.0,884.0,378,test_sixteenTask_0.csv,16,3,59.6875,2.75,225,0,,
VNS,303.403950214386,406.0,64.0,16,2,14,686.0,955.0,408,test_sixteenTask_0.csv,16,3,59.6875,2.75,225,0,406.0,
TRI,300.00070881843567,406.0,64.0,16,2,14,1094.0,955.0,448,test_sixteenTask_0.csv,16,3,59.6875,2.75,225,0,,
IP,0.3276240825653076,406.0,64.0,16,2,14,990.9999999999932,955.0,393,test_sixteenTask_0.csv,16,3,59.6875,2.75,225,0,,True
GBOOBD,0.020277023315429688,5482.0,274.0,58,8,50,472.0,1756.0,1394,test_sixtyDuration_0.csv,64,3,31.640625,2.890625,189,0,,
GBOFRT,0.009347200393676758,5479.0,271.0,52,8,44,719.0,1615.0,1387,test_sixtyDuration_0.csv,64,3,31.640625,2.890625,189,0,,
GBOPOA,0.009343862533569336,5500.0,292.0,56,8,48,559.0,1684.0,1506,test_sixtyDuration_0.csv,64,3,31.640625,2.890625,189,0,,
GBOOBP,0.008622169494628906,5479.0,271.0,52,8,44,719.0,1615.0,1387,test_sixtyDuration_0.csv,64,3,31.640625,2.890625,189,0,,
GPC,0.14248895645141602,4810.0,253.0,54,7,47,544.0,1707.0,1452,test_sixtyDuration_0.csv,64,3,31.640625,2.890625,189,0,,
VNS,304.50647711753845,5507.0,299.0,59,8,51,164.0,1825.0,1536,test_sixtyDuration_0.csv,64,3,31.640625,2.890625,189,0,5500.0,
TRI,300.003937959671,5510.0,302.0,61,8,53,563.0,1886.0,1356,test_sixtyDuration_0.csv,64,3,31.640625,2.890625,189,0,,
IP,305.47874999046326,5510.0,302.0,61,8,53,419.00000000000045,1930.0,1465,test_sixtyDuration_0.csv,64,3,31.640625,2.890625,189,0,,False
GBOOBD,0.014863967895507812,5407.0,199.0,51,8,43,181.0,2608.0,1285,test_sixtyFourConsistent_0.csv,64,3,57.359375,4.40625,205,0,,
GBOFRT,0.01071786880493164,5431.0,223.0,43,8,35,254.0,2444.0,1305,test_sixtyFourConsistent_0.csv,64,3,57.359375,4.40625,205,0,,
GBOPOA,0.010210037231445312,5445.0,237.0,48,8,40,245.0,2325.0,1335,test_sixtyFourConsistent_0.csv,64,3,57.359375,4.40625,205,0,,
GBOOBP,0.010602951049804688,5431.0,223.0,43,8,35,254.0,2444.0,1305,test_sixtyFourConsistent_0.csv,64,3,57.359375,4.40625,205,0,,
GPC,0.14230990409851074,3447.0,192.0,46,5,41,378.0,2271.0,1177,test_sixtyFourConsistent_0.csv,64,3,57.359375,4.40625,205,0,,
VNS,303.549663066864,5445.0,237.0,48,8,40,102.0,2325.0,1335,test_sixtyFourConsistent_0.csv,64,3,57.359375,4.40625,205,0,5445.0,
TRI,300.00465202331543,5423.0,215.0,47,8,39,346.0,2345.0,1275,test_sixtyFourConsistent_0.csv,64,3,57.359375,4.40625,205,0,,
IP,305.4106779098511,5434.0,226.0,46,8,38,259.00000000000006,2363.0,1327,test_sixtyFourConsistent_0.csv,64,3,57.359375,4.40625,205,0,,False
GBOOBD,0.01621413230895996,5482.0,274.0,55,8,47,502.0,2667.0,853,test_thirtyLocation_0.csv,64,3,52.9375,2.6875,198,0,,
GBOFRT,0.007714986801147461,5483.0,275.0,51,8,43,527.0,2691.0,758,test_thirtyLocation_0.csv,64,3,52.9375,2.6875,198,0,,
GBOPOA,0.007964849472045898,4842.0,285.0,52,7,45,518.0,2663.0,723,test_thirtyLocation_0.csv,64,3,52.9375,2.6875,198,0,,
GBOOBP,0.007772922515869141,5483.0,275.0,51,8,43,527.0,2691.0,758,test_thirtyLocation_0.csv,64,3,52.9375,2.6875,198,0,,
GPC,0.1379868984222412,4803.0,246.0,50,7,43,764.0,2454.0,697,test_thirtyLocation_0.csv,64,3,52.9375,2.6875,198,0,,
VNS,303.6694757938385,5495.0,287.0,55,8,47,348.0,2812.0,799,test_thirtyLocation_0.csv,64,3,52.9375,2.6875,198,0,5483.0,
TRI,300.00556898117065,5476.0,268.0,55,8,47,576.0,2844.0,766,test_thirtyLocation_0.csv,64,3,52.9375,2.6875,198,0,,
IP,305.42564582824707,5508.0,300.0,59,8,51,179.99999999998954,2991.0,843,test_thirtyLocation_0.csv,64,3,52.9375,2.6875,198,0,,False
GBOOBD,0.02481389045715332,5399.0,191.0,45,8,37,346.0,2568.0,1130,test_thirtyTwoConsistent_0.csv,64,3,65.3125,3.65625,211,0,,
GBOFRT,0.010189056396484375,5432.0,224.0,43,8,35,497.0,2452.0,1023,test_thirtyTwoConsistent_0.csv,64,3,65.3125,3.65625,211,0,,
GBOPOA,0.010148048400878906,5420.0,212.0,43,8,35,469.0,2360.0,1121,test_thirtyTwoConsistent_0.csv,64,3,65.3125,3.65625,211,0,,
GBOOBP,0.009307861328125,5432.0,224.0,43,8,35,497.0,2452.0,1023,test_thirtyTwoConsistent_0.csv,64,3,65.3125,3.65625,211,0,,
GPC,0.13814592361450195,4121.0,215.0,44,6,38,381.0,2632.0,1056,test_thirtyTwoConsistent_0.csv,64,3,65.3125,3.65625,211,0,,
VNS,303.7213909626007,5441.0,233.0,45,8,37,291.0,2562.0,1043,test_thirtyTwoConsistent_0.csv,64,3,65.3125,3.65625,211,0,5432.0,
TRI,300.00868582725525,5431.0,223.0,47,8,39,447.0,2543.0,1154,test_thirtyTwoConsistent_0.csv,64,3,65.3125,3.65625,211,0,,
IP,309.6456480026245,5442.0,234.0,46,8,38,211.0000000000005,2663.0,1143,test_thirtyTwoConsistent_0.csv,64,3,65.3125,3.65625,211,0,,False
GBOOBD,0.011147022247314453,4046.0,140.0,36,6,30,879.0,1982.0,968,test_thirtyTwoDependencies_0.csv,64,3,60.96875,3.125,225,32,,
GBOFRT,0.006585121154785156,5361.0,153.0,38,8,30,808.0,2069.0,985,test_thirtyTwoDependencies_0.csv,64,3,60.96875,3.125,225,32,,
GBOPOA,0.0055658817291259766,4047.0,141.0,37,6,31,712.0,2088.0,1125,test_thirtyTwoDependencies_0.csv,64,3,60.96875,3.125,225,32,,
GBOOBP,0.005925893783569336,4044.0,138.0,37,6,31,756.0,2174.0,991,test_thirtyTwoDependencies_0.csv,64,3,60.96875,3.125,225,32,,
GPC,0.0780189037322998,5365.0,157.0,39,8,31,485.0,2181.0,1191,test_thirtyTwoDependencies_0.csv,64,3,60.96875,3.125,225,32,,
VNS,304.3263740539551,5378.0,170.0,43,8,35,203.0,2312.0,1248,test_thirtyTwoDependencies_0.csv,64,3,60.96875,3.125,225,32,5365.0,
TRI,300.00406217575073,5382.0,174.0,39,8,31,718.0,2249.0,981,test_thirtyTwoDependencies_0.csv,64,3,60.96875,3.125,225,32,,
IP,305.5402100086212,5404.0,196.0,49,8,41,127.99999999999973,2708.0,1306,test_thirtyTwoDependencies_0.csv,64,3,60.96875,3.125,225,32,,False
GBOOBD,0.021502971649169922,20245.0,64.0,43,31,12,668.0,2062.0,1240,test_thirtyTwoRequired_0.csv,64,3,58.140625,2.9375,211,0,,
GBOFRT,0.009046077728271484,20244.0,63.0,42,31,11,582.0,1991.0,1256,test_thirtyTwoRequired_0.csv,64,3,58.140625,2.9375,211,0,,
GBOPOA,0.008502006530761719,20254.0,73.0,43,31,12,768.0,2098.0,1237,test_thirtyTwoRequired_0.csv,64,3,58.140625,2.9375,211,0,,
GBOOBP,0.009098052978515625,20244.0,63.0,42,31,11,582.0,1991.0,1256,test_thirtyTwoRequired_0.csv,64,3,58.140625,2.9375,211,0,,
GPC,0.12169814109802246,16370.0,95.0,44,25,19,564.0,2249.0,1195,test_thirtyTwoRequired_0.csv,64,3,58.140625,2.9375,211,0,,
VNS,303.76024103164673,20906.0,74.0,45,32,13,567.0,2229.0,1258,test_thirtyTwoRequired_0.csv,64,3,58.140625,2.9375,211,0,20254.0,
TRI,300.00602293014526,18976.0,97.0,45,29,16,571.0,2165.0,1249,test_thirtyTwoRequired_0.csv,64,3,58.140625,2.9375,211,0,,
IP,306.16918206214905,20288.0,107.0,49,31,18,306.0000000000009,2502.0,1277,test_thirtyTwoRequired_0.csv,64,3,58.140625,2.9375,211,0,,False
GBOOBD,0.01726388931274414,1494.0,170.0,30,4,26,902.0,1913.0,892,test_thirtyTwoTask_0.csv,32,3,64.59375,2.84375,222,0,,
GBOFRT,0.002713918685913086,1486.0,162.0,28,4,24,1121.0,1821.0,761,test_thirtyTwoTask_0.csv,32,3,64.59375,2.84375,222,0,,
GBOPOA,0.00279998779296875,1489.0,165.0,29,4,25,1061.0,1843.0,694,test_thirtyTwoTask_0.csv,32,3,64.59375,2.84375,222,0,,
GBOOBP,0.0028619766235351562,1486.0,162.0,28,4,24,1121.0,1821.0,761,test_thirtyTwoTask_0.csv,32,3,64.59375,2.84375,222,0,,
GPC,0.021390199661254883,1485.0,161.0,29,4,25,1017.0,1940.0,802,test_thirtyTwoTask_0.csv,32,3,64.59375,2.84375,222,0,,
VNS,303.6555018424988,1495.0,171.0,31,4,27,598.0,2015.0,943,test_thirtyTwoTask_0.csv,32,3,64.59375,2.84375,222,0,1494.0,
TRI,300.0024859905243,1501.0,177.0,32,4,28,951.0,2067.0,857,test_thirtyTwoTask_0.csv,32,3,64.59375,2.84375,222,0,,
IP,8.992517948150635,1501.0,177.0,32,4,28,1032.9999999999982,2067.0,856,test_thirtyTwoTask_0.csv,32,3,64.59375,2.84375,222,0,,True
GBOOBD,0.013944149017333984,4629.0,72.0,23,7,16,725.0,2616.0,545,test_threeHundredSixtyDuration_0.csv,64,3,184.1875,3.109375,268,0,,
GBOFRT,0.007143974304199219,4659.0,102.0,23,7,16,497.0,2806.0,656,test_threeHundredSixtyDuration_0.csv,64,3,184.1875,3.109375,268,0,,
GBOPOA,0.0073947906494140625,5304.0,96.0,25,8,17,439.0,2962.0,616,test_threeHundredSixtyDuration_0.csv,64,3,184.1875,3.109375,268,0,,
GBOOBP,0.007142066955566406,4659.0,102.0,23,7,16,497.0,2806.0,656,test_threeHundredSixtyDuration_0.csv,64,3,184.1875,3.109375,268,0,,
GPC,0.0535738468170166,2056.0,103.0,21,3,18,242.0,3009.0,547,test_threeHundredSixtyDuration_0.csv,64,3,184.1875,3.109375,268,0,,
VNS,303.91632413864136,5306.0,98.0,26,8,18,205.0,2999.0,630,test_threeHundredSixtyDuration_0.csv,64,3,184.1875,3.109375,268,0,5304.0,
TRI,300.0043079853058,4647.0,90.0,24,7,17,363.0,3093.0,573,test_threeHundredSixtyDuration_0.csv,64,3,184.1875,3.109375,268,0,,
IP,305.37046790122986,4669.0,112.0,25,7,18,197.0000000000051,3042.0,709,test_threeHundredSixtyDuration_0.csv,64,3,184.1875,3.109375,268,0,,False
GBOOBD,0.02501511573791504,5385.0,177.0,43,8,35,459.0,2541.0,1037,test_threeWindow_0.csv,64,3,66.015625,3.703125,149,0,,
GBOFRT,0.009418010711669922,5421.0,213.0,40,8,32,707.0,2283.0,1033,test_threeWindow_0.csv,64,3,66.015625,3.703125,149,0,,
GBOPOA,0.010210037231445312,5423.0,215.0,42,8,34,527.0,2462.0,1109,test_threeWindow_0.csv,64,3,66.015625,3.703125,149,0,,
GBOOBP,0.008838891983032227,5421.0,213.0,40,8,32,707.0,2283.0,1033,test_threeWindow_0.csv,64,3,66.015625,3.703125,149,0,,
GPC,0.11582207679748535,3457.0,202.0,39,5,34,968.0,2141.0,958,test_threeWindow_0.csv,64,3,66.015625,3.703125,149,0,,
VNS,303.9794840812683,5429.0,221.0,44,8,36,232.0,2527.0,1138,test_threeWindow_0.csv,64,3,66.015625,3.703125,149,0,5423.0,
TRI,300.008189201355,5440.0,232.0,46,8,38,537.0,2677.0,1002,test_threeWindow_0.csv,64,3,66.015625,3.703125,149,0,,
IP,309.7450439929962,5446.0,238.0,45,8,37,400.0000000000018,2604.0,1063,test_threeWindow_0.csv,64,3,66.015625,3.703125,149,0,,False
GBOOBD,0.06762909889221191,82422.0,150.0,57,32,25,195.0,2494.0,1517,test_twoFiftySixTask_0.csv,256,3,62.640625,3.13671875,211,0,,
GBOFRT,0.0687398910522461,82445.0,173.0,56,32,24,199.0,2549.0,1452,test_twoFiftySixTask_0.csv,256,3,62.640625,3.13671875,211,0,,
GBOPOA,0.06276988983154297,79885.0,184.0,58,31,27,302.0,2493.0,1374,test_twoFiftySixTask_0.csv,256,3,62.640625,3.13671875,211,0,,
GBOOBP,0.0640721321105957,82445.0,173.0,56,32,24,199.0,2549.0,1452,test_twoFiftySixTask_0.csv,256,3,62.640625,3.13671875,211,0,,
GPC,1.292531967163086,20823.0,255.0,55,8,47,251.0,2675.0,1236,test_twoFiftySixTask_0.csv,256,3,62.640625,3.13671875,211,0,,
VNS,304.96482396125793,82468.0,196.0,60,32,28,74.0,2613.0,1457,test_twoFiftySixTask_0.csv,256,3,62.640625,3.13671875,211,0,82445.0,
TRI,300.05808687210083,38821.0,256.0,58,15,43,270.0,2513.0,1430,test_twoFiftySixTask_0.csv,256,3,62.640625,3.13671875,211,0,,
IP,484.83387088775635,5257.0,115.0,21,2,19,1817.0000000000002,1204.0,505,test_twoFiftySixTask_0.csv,256,3,62.640625,3.13671875,211,0,,False
GBOOBD,0.020116806030273438,5339.0,131.0,29,8,21,538.0,2693.0,838,test_twoHundredFortyDuration_0.csv,64,3,123.46875,3.109375,242,0,,
GBOFRT,0.008655071258544922,5356.0,148.0,28,8,20,481.0,2709.0,806,test_twoHundredFortyDuration_0.csv,64,3,123.46875,3.109375,242,0,,
GBOPOA,0.00793600082397461,5342.0,134.0,27,8,19,515.0,2717.0,743,test_twoHundredFortyDuration_0.csv,64,3,123.46875,3.109375,242,0,,
GBOOBP,0.00864100456237793,5356.0,148.0,28,8,20,481.0,2709.0,806,test_twoHundredFortyDuration_0.csv,64,3,123.46875,3.109375,242,0,,
GPC,0.08256411552429199,2090.0,137.0,29,3,26,397.0,2753.0,814,test_twoHundredFortyDuration_0.csv,64,3,123.46875,3.109375,242,0,,
VNS,303.574373960495,5359.0,151.0,29,8,21,187.0,2867.0,828,test_twoHundredFortyDuration_0.csv,64,3,123.46875,3.109375,242,0,5356.0,
TRI,300.00540494918823,5361.0,153.0,31,8,23,466.0,2757.0,811,test_twoHundredFortyDuration_0.csv,64,3,123.46875,3.109375,242,0,,
IP,305.35366010665894,5370.0,162.0,33,8,25,305.00000000001364,2926.0,911,test_twoHundredFortyDuration_0.csv,64,3,123.46875,3.109375,242,0,,False
GBOOBD,0.04370403289794922,5326.0,118.0,29,8,21,261.0,1353.0,2168,test_twoHundredFortyLocation_0.csv,64,3,59.828125,3.140625,201,0,,
GBOFRT,0.00796198844909668,5343.0,135.0,26,8,18,346.0,1380.0,2233,test_twoHundredFortyLocation_0.csv,64,3,59.828125,3.140625,201,0,,
GBOPOA,0.0073850154876708984,5338.0,130.0,29,8,21,238.0,1446.0,2336,test_twoHundredFortyLocation_0.csv,64,3,59.828125,3.140625,201,0,,
GBOOBP,0.00787210464477539,5343.0,135.0,26,8,18,346.0,1380.0,2233,test_twoHundredFortyLocation_0.csv,64,3,59.828125,3.140625,201,0,,
GPC,0.07299995422363281,2730.0,126.0,26,4,22,613.0,1280.0,1923,test_twoHundredFortyLocation_0.csv,64,3,59.828125,3.140625,201,0,,
VNS,307.05752897262573,5352.0,144.0,29,8,21,49.0,1476.0,2296,test_twoHundredFortyLocation_0.csv,64,3,59.828125,3.140625,201,0,5343.0,
TRI,300.006315946579,5334.0,126.0,29,8,21,299.0,1766.0,1752,test_twoHundredFortyLocation_0.csv,64,3,59.828125,3.140625,201,0,,
IP,305.34209990501404,5354.0,146.0,31,8,23,314.0000000000005,1785.0,1973,test_twoHundredFortyLocation_0.csv,64,3,59.828125,3.140625,201,0,,False
GBOOBD,0.0512239933013916,277.0,277.0,45,0,45,502.0,2426.0,1082,test_zeroRequired_0.csv,64,3,62.921875,3.171875,220,0,,
GBOFRT,0.009743928909301758,296.0,296.0,41,0,41,540.0,2243.0,1125,test_zeroRequired_0.csv,64,3,62.921875,3.171875,220,0,,
GBOPOA,0.009925127029418945,305.0,305.0,44,0,44,474.0,2389.0,1113,test_zeroRequired_0.csv,64,3,62.921875,3.171875,220,0,,
GBOOBP,0.011490106582641602,296.0,296.0,41,0,41,540.0,2243.0,1125,test_zeroRequired_0.csv,64,3,62.921875,3.171875,220,0,,
GPC,0.12642312049865723,250.0,250.0,41,0,41,723.0,2358.0,979,test_zeroRequired_0.csv,64,3,62.921875,3.171875,220,0,,
VNS,304.1209568977356,312.0,312.0,47,0,47,189.0,2575.0,1178,test_zeroRequired_0.csv,64,3,62.921875,3.171875,220,0,305.0,
TRI,300.0038070678711,299.0,299.0,46,0,46,426.0,2548.0,1087,test_zeroRequired_0.csv,64,3,62.921875,3.171875,220,0,,
IP,305.4090609550476,321.0,321.0,50,0,50,170.99999999999508,2717.0,1147,test_zeroRequired_0.csv,64,3,62.921875,3.171875,220,0,,False
GBOOBD,0.010102987289428711,5380.0,172.0,40,8,32,518.0,2139.0,1250,test_baseline_1.csv,64,3,59.890625,3.046875,215,0,,
GBOFRT,0.010170936584472656,5427.0,219.0,40,8,32,682.0,2033.0,1118,test_baseline_1.csv,64,3,59.890625,3.046875,215,0,,
GBOPOA,0.009393930435180664,5432.0,224.0,41,8,33,471.0,2304.0,1190,test_baseline_1.csv,64,3,59.890625,3.046875,215,0,,
GBOOBP,0.009235858917236328,5427.0,219.0,40,8,32,682.0,2033.0,1118,test_baseline_1.csv,64,3,59.890625,3.046875,215,0,,
GPC,0.11901593208312988,4096.0,190.0,41,6,35,451.0,2162.0,1240,test_baseline_1.csv,64,3,59.890625,3.046875,215,0,,
VNS,303.78150486946106,5450.0,242.0,45,8,37,137.0,2444.0,1259,test_baseline_1.csv,64,3,59.890625,3.046875,215,0,5432.0,
TRI,300.0043981075287,5434.0,226.0,46,8,38,349.0,2476.0,1041,test_baseline_1.csv,64,3,59.890625,3.046875,215,0,,
IP,305.3739619255066,5465.0,257.0,49,8,41,165.00000000000136,2643.0,1274,test_baseline_1.csv,64,3,59.890625,3.046875,215,0,,False
GBOOBD,0.009536981582641602,5491.0,283.0,61,8,53,1027.0,3621.0,1756,test_fiveDay_1.csv,64,5,59.875,4.75,214,0,,
GBOFRT,0.00994110107421875,5476.0,268.0,53,8,45,1128.0,3228.0,1452,test_fiveDay_1.csv,64,5,59.875,4.75,214,0,,
GBOPOA,0.0092620849609375,5492.0,284.0,60,8,52,1233.0,3562.0,1700,test_fiveDay_1.csv,64,5,59.875,4.75,214,0,,
GBOOBP,0.009994029998779297,5476.0,268.0,53,8,45,1128.0,3228.0,1452,test_fiveDay_1.csv,64,5,59.875,4.75,214,0,,
GPC,0.163377046585083,4824.0,267.0,57,7,50,1420.0,3236.0,1745,test_fiveDay_1.csv,64,5,59.875,4.75,214,0,,
VNS,306.30212903022766,5494.0,286.0,61,8,53,877.0,3615.0,1742,test_fiveDay_1.csv,64,5,59.875,4.75,214,0,5492.0,
TRI,300.0074598789215,5501.0,293.0,63,8,55,1328.0,3736.0,1538,test_fiveDay_1.csv,64,5,59.875,4.75,214,0,,
IP,308.8589289188385,5497.0,289.0,61,8,53,891.9999999999927,3535.0,1897,test_fiveDay_1.csv,64,5,59.875,4.75,214,0,,False
GBOOBD,0.00715184211730957,5287.0,79.0,20,8,12,169.0,662.0,562,test_oneDay_1.csv,64,1,58.484375,1.5,192,0,,
GBOFRT,0.008188962936401367,5288.0,80.0,17,8,9,193.0,659.0,538,test_oneDay_1.csv,64,1,58.484375,1.5,192,0,,
GBOPOA,0.0074579715728759766,5279.0,71.0,19,8,11,195.0,690.0,484,test_oneDay_1.csv,64,1,58.484375,1.5,192,0,,
GBOOBP,0.00799107551574707,5288.0,80.0,17,8,9,193.0,659.0,538,test_oneDay_1.csv,64,1,58.484375,1.5,192,0,,
GPC,0.06842994689941406,3986.0,80.0,18,6,12,192.0,729.0,469,test_oneDay_1.csv,64,1,58.484375,1.5,192,0,,
VNS,303.82997608184814,5298.0,90.0,20,8,12,37.0,767.0,540,test_oneDay_1.csv,64,1,58.484375,1.5,192,0,5288.0,
TRI,300.0054130554199,4637.0,80.0,22,7,15,178.0,685.0,500,test_oneDay_1.csv,64,1,58.484375,1.5,192,0,,
IP,301.930034160614,4645.0,88.0,22,7,15,62.999999999999986,647.0,654,test_oneDay_1.csv,64,1,58.484375,1.5,192,0,,False
GBOOBD,0.008941888809204102,53864.0,1856.0,47,8,39,698.0,2119.0,1170,test_oneHundredPriority_1.csv,64,3,55.609375,2.8125,208,0,,
GBOFRT,0.008552789688110352,53963.0,1955.0,39,8,31,798.0,1941.0,1024,test_oneHundredPriority_1.csv,64,3,55.609375,2.8125,208,0,,
GBOPOA,0.008491992950439453,54155.0,2147.0,43,8,35,599.0,1968.0,1160,test_oneHundredPriority_1.csv,64,3,55.609375,2.8125,208,0,,
GBOOBP,0.008502960205078125,53963.0,1955.0,39,8,31,798.0,1941.0,1024,test_oneHundredPriority_1.csv,64,3,55.609375,2.8125,208,0,,
GPC,0.1284470558166504,41010.0,2004.0,46,6,40,594.0,2170.0,1247,test_oneHundredPriority_1.csv,64,3,55.609375,2.8125,208,0,,
VNS,304.2456018924713,54315.0,2307.0,48,8,40,180.0,2267.0,1207,test_oneHundredPriority_1.csv,64,3,55.609375,2.8125,208,0,54155.0,
TRI,300.0044229030609,54175.0,2167.0,49,8,41,535.0,2308.0,1174,test_oneHundredPriority_1.csv,64,3,55.609375,2.8125,208,0,,
IP,305.33245491981506,54554.0,2546.0,51,8,43,332.00000000000045,2592.0,1169,test_oneHundredPriority_1.csv,64,3,55.609375,2.8125,208,0,,False
GBOOBD,0.01776599884033203,5374.0,166.0,40,8,32,357.0,1880.0,1826,test_oneHundredTwentyLocation_1.csv,64,3,55.296875,3.046875,211,0,,
GBOFRT,0.008682012557983398,5384.0,176.0,33,8,25,235.0,1987.0,1528,test_oneHundredTwentyLocation_1.csv,64,3,55.296875,3.046875,211,0,,
GBOPOA,0.008077859878540039,5365.0,157.0,35,8,27,481.0,1878.0,1547,test_oneHundredTwentyLocation_1.csv,64,3,55.296875,3.046875,211,0,,
GBOOBP,0.008593082427978516,5384.0,176.0,33,8,25,235.0,1987.0,1528,test_oneHundredTwentyLocation_1.csv,64,3,55.296875,3.046875,211,0,,
GPC,0.11460304260253906,2765.0,161.0,38,4,34,363.0,1767.0,1640,test_oneHundredTwentyLocation_1.csv,64,3,55.296875,3.046875,211,0,,
VNS,303.7046580314636,5391.0,183.0,37,8,29,50.0,2131.0,1612,test_oneHundredTwentyLocation_1.csv,64,3,55.296875,3.046875,211,0,5384.0,
TRI,300.00779604911804,5385.0,177.0,43,8,35,524.0,2068.0,1323,test_oneHundredTwentyLocation_1.csv,64,3,55.296875,3.046875,211,0,,
IP,305.3247780799866,5414.0,206.0,45,8,37,261.0000000000002,2227.0,1722,test_oneHundredTwentyLocation_1.csv,64,3,55.296875,3.046875,211,0,,False
GBOOBD,0.020179033279418945,560.0,32.0,40,8,32,406.0,2374.0,1139,test_onePriority_1.csv,64,3,71.453125,2.890625,222,0,,
GBOFRT,0.009585142135620117,560.0,32.0,40,8,32,406.0,2374.0,1139,test_onePriority_1.csv,64,3,71.453125,2.890625,222,0,,
GBOPOA,0.008436918258666992,560.0,32.0,40,8,32,651.0,2433.0,1008,test_onePriority_1.csv,64,3,71.453125,2.890625,222,0,,
GBOOBP,0.009164094924926758,560.0,32.0,40,8,32,406.0,2374.0,1139,test_onePriority_1.csv,64,3,71.453125,2.890625,222,0,,
GPC,0.10745596885681152,297.0,33.0,37,4,33,637.0,2479.0,951,test_onePriority_1.csv,64,3,71.453125,2.890625,222,0,,
VNS,303.803964138031,562.0,34.0,42,8,34,115.0,2469.0,1140,test_onePriority_1.csv,64,3,71.453125,2.890625,222,0,560.0,
TRI,300.00286197662354,561.0,33.0,41,8,33,323.0,2584.0,1133,test_onePriority_1.csv,64,3,71.453125,2.890625,222,0,,
IP,310.01106214523315,564.0,36.0,44,8,36,219.99999999999955,2782.0,977,test_onePriority_1.csv,64,3,71.453125,2.890625,222,0,,False
GBOOBD,0.04550504684448242,20863.0,207.0,53,16,37,163.0,2349.0,1432,test_oneTwentyEightTask_1.csv,128,3,62.9765625,3.3125,209,0,,
GBOFRT,0.02616095542907715,20929.0,273.0,50,16,34,364.0,2354.0,1240,test_oneTwentyEightTask_1.csv,128,3,62.9765625,3.3125,209,0,,
GBOPOA,0.024756908416748047,20894.0,238.0,47,16,31,280.0,2407.0,1270,test_oneTwentyEightTask_1.csv,128,3,62.9765625,3.3125,209,0,,
GBOOBP,0.0261380672454834,20929.0,273.0,50,16,34,364.0,2354.0,1240,test_oneTwentyEightTask_1.csv,128,3,62.9765625,3.3125,209,0,,
GPC,0.46776700019836426,6684.0,229.0,48,5,43,325.0,2342.0,1341,test_oneTwentyEightTask_1.csv,128,3,62.9765625,3.3125,209,0,,
VNS,304.3200480937958,20939.0,283.0,52,16,36,93.0,2497.0,1240,test_oneTwentyEightTask_1.csv,128,3,62.9765625,3.3125,209,0,20929.0,
TRI,300.01125717163086,16998.0,215.0,48,13,35,200.0,2530.0,1299,test_oneTwentyEightTask_1.csv,128,3,62.9765625,3.3125,209,0,,
IP,332.77266097068787,6544.0,89.0,21,5,16,1445.0000000000055,1128.0,608,test_oneTwentyEightTask_1.csv,128,3,62.9765625,3.3125,209,0,,False
GBOOBD,0.04992818832397461,5373.0,165.0,40,8,32,344.0,2265.0,954,test_oneWindow_1.csv,64,3,61.96875,1.984375,211,0,,
GBOFRT,0.00793004035949707,5407.0,199.0,38,8,30,464.0,2224.0,824,test_oneWindow_1.csv,64,3,61.96875,1.984375,211,0,,
GBOPOA,0.007920980453491211,5407.0,199.0,38,8,30,558.0,2111.0,850,test_oneWindow_1.csv,64,3,61.96875,1.984375,211,0,,
GBOOBP,0.00785207748413086,5407.0,199.0,38,8,30,464.0,2224.0,824,test_oneWindow_1.csv,64,3,61.96875,1.984375,211,0,,
GPC,0.0931999683380127,3423.0,168.0,36,5,31,614.0,2118.0,870,test_oneWindow_1.csv,64,3,61.96875,1.984375,211,0,,
VNS,303.3791399002075,5412.0,204.0,40,8,32,224.0,2363.0,899,test_oneWindow_1.csv,64,3,61.96875,1.984375,211,0,5407.0,
TRI,300.0036430358887,5393.0,185.0,39,8,31,410.0,2150.0,987,test_oneWindow_1.csv,64,3,61.96875,1.984375,211,0,,
IP,310.4578609466553,5435.0,227.0,46,8,38,199.99999999999818,2618.0,1222,test_oneWindow_1.csv,64,3,61.96875,1.984375,211,0,,False
GBOOBD,0.07748699188232422,5511.0,303.0,64,8,56,2151.0,3869.0,1692,test_sevenDay_1.csv,64,7,60.453125,5.921875,211,0,,
GBOFRT,0.010146141052246094,5502.0,294.0,61,8,53,2232.0,3629.0,1516,test_sevenDay_1.csv,64,7,60.453125,5.921875,211,0,,
GBOPOA,0.009857892990112305,5510.0,302.0,63,8,55,2314.0,3790.0,1625,test_sevenDay_1.csv,64,7,60.453125,5.921875,211,0,,
GBOOBP,0.010078907012939453,5502.0,294.0,61,8,53,2232.0,3629.0,1516,test_sevenDay_1.csv,64,7,60.453125,5.921875,211,0,,
GPC,0.16690397262573242,4848.0,291.0,60,7,53,1757.0,3524.0,1716,test_sevenDay_1.csv,64,7,60.453125,5.921875,211,0,,
VNS,304.5854859352112,5511.0,303.0,64,8,56,1550.0,3869.0,1692,test_sevenDay_1.csv,64,7,60.453125,5.921875,211,0,5511.0,
TRI,300.0053560733795,5511.0,303.0,64,8,56,2102.0,3869.0,1745,test_sevenDay_1.csv,64,7,60.453125,5.921875,211,0,,
IP,94.9307849407196,5511.0,303.0,64,8,56,2894.000000000007,3869.0,1821,test_sevenDay_1.csv,64,7,60.453125,5.921875,211,0,,True
GBOOBD,0.0446929931640625,3454.0,199.0,39,5,34,609.0,2252.0,1050,test_sixteenDependencies_1.csv,64,3,64.46875,3.15625,226,16,,
GBOFRT,0.007890939712524414,5418.0,210.0,41,8,33,521.0,2409.0,1030,test_sixteenDependencies_1.csv,64,3,64.46875,3.15625,226,16,,
GBOPOA,0.0070230960845947266,3469.0,214.0,37,5,32,730.0,2195.0,1025,test_sixteenDependencies_1.csv,64,3,64.46875,3.15625,226,16,,
GBOOBP,0.007261991500854492,3476.0,221.0,39,5,34,448.0,2412.0,1008,test_sixteenDependencies_1.csv,64,3,64.46875,3.15625,226,16,,
GPC,0.09075403213500977,2144.0,191.0,37,3,34,448.0,2311.0,1138,test_sixteenDependencies_1.csv,64,3,64.46875,3.15625,226,16,,
VNS,303.8841860294342,3483.0,228.0,41,5,36,184.0,2499.0,1075,test_sixteenDependencies_1.csv,64,3,64.46875,3.15625,226,16,3476.0,
TRI,300.0031569004059,5399.0,191.0,41,8,33,389.0,2212.0,1011,test_sixteenDependencies_1.csv,64,3,64.46875,3.15625,226,16,,
IP,305.410523891449,5440.0,232.0,44,8,36,211.000000000005,2720.0,1108,test_sixteenDependencies_1.csv,64,3,64.46875,3.15625,226,16,,False
GBOOBD,0.05266404151916504,10549.0,133.0,43,16,27,440.0,2352.0,1108,test_sixteenRequired_1.csv,64,3,59.203125,3.109375,206,0,,
GBOFRT,0.008918046951293945,10571.0,155.0,42,16,26,531.0,2240.0,1091,test_sixteenRequired_1.csv,64,3,59.203125,3.109375,206,0,,
GBOPOA,0.008767127990722656,10573.0,157.0,42,16,26,415.0,2266.0,1017,test_sixteenRequired_1.csv,64,3,59.203125,3.109375,206,0,,
GBOOBP,0.008760929107666016,10571.0,155.0,42,16,26,531.0,2240.0,1091,test_sixteenRequired_1.csv,64,3,59.203125,3.109375,206,0,,
GPC,0.12592101097106934,7322.0,161.0,43,11,32,671.0,2277.0,908,test_sixteenRequired_1.csv,64,3,59.203125,3.109375,206,0,,
VNS,303.65951800346375,10579.0,163.0,44,16,28,190.0,2423.0,1094,test_sixteenRequired_1.csv,64,3,59.203125,3.109375,206,0,10573.0,
TRI,300.0051579475403,10576.0,160.0,45,16,29,648.0,2421.0,1007,test_sixteenRequired_1.csv,64,3,59.203125,3.109375,206,0,,
IP,305.35318303108215,10612.0,196.0,50,16,34,207.00000000001805,2687.0,1208,test_sixteenRequired_1.csv,64,3,59.203125,3.109375,206,0,,False
GBOOBD,0.0382840633392334,406.0,64.0,16,2,14,2034.0,1017.0,339,test_sixteenTask_1.csv,16,3,63.5625,3.0,215,0,,
GBOFRT,0.0010828971862792969,406.0,64.0,16,2,14,1780.0,1017.0,394,test_sixteenTask_1.csv,16,3,63.5625,3.0,215,0,,
GBOPOA,0.001085042953491211,406.0,64.0,16,2,14,1741.0,1017.0,433,test_sixteenTask_1.csv,16,3,63.5625,3.0,215,0,,
GBOOBP,0.0010700225830078125,406.0,64.0,16,2,14,1780.0,1017.0,394,test_sixteenTask_1.csv,16,3,63.5625,3.0,215,0,,
GPC,0.004106998443603516,405.0,63.0,15,2,13,1807.0,984.0,400,test_sixteenTask_1.csv,16,3,63.5625,3.0,215,0,,
VNS,303.37521409988403,406.0,64.0,16,2,14,1303.0,1017.0,394,test_sixteenTask_1.csv,16,3,63.5625,3.0,215,0,406.0,
TRI,300.00067806243896,406.0,64.0,16,2,14,1714.0,1017.0,348,test_sixteenTask_1.csv,16,3,63.5625,3.0,215,0,,
IP,0.3173990249633789,406.0,64.0,16,2,14,1918.9999999999932,1017.0,410,test_sixteenTask_1.csv,16,3,63.5625,3.0,215,0,,True
GBOOBD,0.021786928176879883,5489.0,281.0,58,8,50,802.0,1630.0,1368,test_sixtyDuration_1.csv,64,3,28.5625,3.0625,188,0,,
GBOFRT,0.008580923080444336,5502.0,294.0,57,8,49,765.0,1627.0,1532,test_sixtyDuration_1.csv,64,3,28.5625,3.0625,188,0,,
GBOPOA,0.00814509391784668,5500.0,292.0,58,8,50,850.0,1616.0,1388,test_sixtyDuration_1.csv,64,3,28.5625,3.0625,188,0,,
GBOOBP,0.00855398178100586,5502.0,294.0,57,8,49,765.0,1627.0,1532,test_sixtyDuration_1.csv,64,3,28.5625,3.0625,188,0,,
GPC,0.14439010620117188,4822.0,265.0,56,7,49,604.0,1639.0,1544,test_sixtyDuration_1.csv,64,3,28.5625,3.0625,188,0,,
VNS,304.40013909339905,5515.0,307.0,60,8,52,448.0,1688.0,1564,test_sixtyDuration_1.csv,64,3,28.5625,3.0625,188,0,5502.0,
TRI,300.00415992736816,5519.0,311.0,62,8,54,753.0,1764.0,1348,test_sixtyDuration_1.csv,64,3,28.5625,3.0625,188,0,,
IP,305.3544669151306,5518.0,310.0,62,8,54,584.0000000000014,1726.0,1774,test_sixtyDuration_1.csv,64,3,28.5625,3.0625,188,0,,False
GBOOBD,0.04441714286804199,5442.0,234.0,51,8,43,234.0,2376.0,1327,test_sixtyFourConsistent_1.csv,64,3,54.234375,4.6875,205,0,,
GBOFRT,0.010142087936401367,5460.0,252.0,46,8,38,487.0,2145.0,1328,test_sixtyFourConsistent_1.csv,64,3,54.234375,4.6875,205,0,,
GBOPOA,0.009860038757324219,5454.0,246.0,46,8,38,488.0,2173.0,1253,test_sixtyFourConsistent_1.csv,64,3,54.234375,4.6875,205,0,,
GBOOBP,0.010149002075195312,5460.0,252.0,46,8,38,487.0,2145.0,1328,test_sixtyFourConsistent_1.csv,64,3,54.234375,4.6875,205,0,,
GPC,0.1538529396057129,3480.0,225.0,49,5,44,430.0,2481.0,1169,test_sixtyFourConsistent_1.csv,64,3,54.234375,4.6875,205,0,,
VNS,303.69404101371765,5465.0,257.0,48,8,40,150.0,2329.0,1345,test_sixtyFourConsistent_1.csv,64,3,54.234375,4.6875,205,0,5460.0,
TRI,300.0071520805359,5460.0,252.0,51,8,43,372.0,2503.0,1124,test_sixtyFourConsistent_1.csv,64,3,54.234375,4.6875,205,0,,
IP,305.53608798980713,5455.0,247.0,47,8,39,424.00000000001853,2210.0,1320,test_sixtyFourConsistent_1.csv,64,3,54.234375,4.6875,205,0,,False
GBOOBD,0.02185988426208496,5439.0,231.0,49,8,41,316.0,2921.0,742,test_thirtyLocation_1.csv,64,3,63.875,2.78125,209,0,,
GBOFRT,0.008250951766967773,5436.0,228.0,42,8,34,566.0,2651.0,596,test_thirtyLocation_1.csv,64,3,63.875,2.78125,209,0,,
GBOPOA,0.008234024047851562,5433.0,225.0,43,8,35,526.0,2665.0,627,test_thirtyLocation_1.csv,64,3,63.875,2.78125,209,0,,
GBOOBP,0.008283853530883789,5436.0,228.0,42,8,34,566.0,2651.0,596,test_thirtyLocation_1.csv,64,3,63.875,2.78125,209,0,,
GPC,0.1255190372467041,5397.0,189.0,44,8,36,448.0,2750.0,599,test_thirtyLocation_1.csv,64,3,63.875,2.78125,209,0,,
VNS,305.14807891845703,5445.0,237.0,51,8,43,100.0,3054.0,760,test_thirtyLocation_1.csv,64,3,63.875,2.78125,209,0,5439.0,
TRI,300.00804901123047,5457.0,249.0,47,8,39,487.0,2926.0,628,test_thirtyLocation_1.csv,64,3,63.875,2.78125,209,0,,
IP,305.41428399086,5376.0,168.0,35,8,27,828.9999999999982,2361.0,485,test_thirtyLocation_1.csv,64,3,63.875,2.78125,209,0,,False
GBOOBD,0.052661895751953125,5423.0,215.0,44,8,36,279.0,2494.0,1190,test_thirtyTwoConsistent_1.csv,64,3,61.28125,3.75,201,0,,
GBOFRT,0.009346961975097656,5434.0,226.0,41,8,33,464.0,2291.0,1062,test_thirtyTwoConsistent_1.csv,64,3,61.28125,3.75,201,0,,
GBOPOA,0.009016036987304688,5435.0,227.0,43,8,35,512.0,2333.0,1075,test_thirtyTwoConsistent_1.csv,64,3,61.28125,3.75,201,0,,
GBOOBP,0.009238004684448242,5434.0,226.0,41,8,33,464.0,2291.0,1062,test_thirtyTwoConsistent_1.csv,64,3,61.28125,3.75,201,0,,
GPC,0.11857914924621582,4101.0,195.0,40,6,34,446.0,2312.0,1212,test_thirtyTwoConsistent_1.csv,64,3,61.28125,3.75,201,0,,
VNS,303.6276481151581,5452.0,244.0,45,8,37,267.0,2452.0,1079,test_thirtyTwoConsistent_1.csv,64,3,61.28125,3.75,201,0,5435.0,
TRI,300.0032739639282,5434.0,226.0,45,8,37,218.0,2513.0,1208,test_thirtyTwoConsistent_1.csv,64,3,61.28125,3.75,201,0,,
IP,305.33786702156067,5447.0,239.0,44,8,36,263.0,2352.0,1411,test_thirtyTwoConsistent_1.csv,64,3,61.28125,3.75,201,0,,False
GBOOBD,0.040778160095214844,2113.0,160.0,36,3,33,469.0,2340.0,1085,test_thirtyTwoDependencies_1.csv,64,3,66.0625,2.875,202,32,,
GBOFRT,0.0067539215087890625,4694.0,137.0,34,7,27,708.0,2149.0,961,test_thirtyTwoDependencies_1.csv,64,3,66.0625,2.875,202,32,,
GBOPOA,0.005560159683227539,2106.0,153.0,32,3,29,808.0,2054.0,817,test_thirtyTwoDependencies_1.csv,64,3,66.0625,2.875,202,32,,
GBOOBP,0.005273103713989258,2094.0,141.0,33,3,30,652.0,2123.0,902,test_thirtyTwoDependencies_1.csv,64,3,66.0625,2.875,202,32,,
GPC,0.07035493850708008,2760.0,156.0,35,4,31,727.0,2193.0,979,test_thirtyTwoDependencies_1.csv,64,3,66.0625,2.875,202,32,,
VNS,303.4638788700104,2785.0,181.0,40,4,36,269.0,2351.0,1089,test_thirtyTwoDependencies_1.csv,64,3,66.0625,2.875,202,32,2760.0,
TRI,300.005530834198,4714.0,157.0,37,7,30,526.0,2300.0,1010,test_thirtyTwoDependencies_1.csv,64,3,66.0625,2.875,202,32,,
IP,305.4380760192871,4106.0,200.0,43,6,37,322.00000000001177,2650.0,1145,test_thirtyTwoDependencies_1.csv,64,3,66.0625,2.875,202,32,,False
GBOOBD,0.04782295227050781,20256.0,75.0,43,31,12,510.0,2283.0,1062,test_thirtyTwoRequired_1.csv,64,3,58.6875,3.125,202,0,,
GBOFRT,0.009493112564086914,20256.0,75.0,41,31,10,537.0,2272.0,975,test_thirtyTwoRequired_1.csv,64,3,58.6875,3.125,202,0,,
GBOPOA,0.008447885513305664,19626.0,96.0,46,30,16,493.0,2395.0,1118,test_thirtyTwoRequired_1.csv,64,3,58.6875,3.125,202,0,,
GBOOBP,0.010582923889160156,20256.0,75.0,41,31,10,537.0,2272.0,975,test_thirtyTwoRequired_1.csv,64,3,58.6875,3.125,202,0,,
GPC,0.1327981948852539,13160.0,140.0,44,20,24,475.0,2336.0,1086,test_thirtyTwoRequired_1.csv,64,3,58.6875,3.125,202,0,,
VNS,303.84411907196045,20283.0,102.0,47,31,16,224.0,2513.0,1053,test_thirtyTwoRequired_1.csv,64,3,58.6875,3.125,202,0,20256.0,
TRI,300.0060498714447,18332.0,104.0,45,28,17,375.0,2469.0,1018,test_thirtyTwoRequired_1.csv,64,3,58.6875,3.125,202,0,,
IP,305.3629779815674,19642.0,112.0,48,30,18,167.9999999999942,2577.0,1376,test_thirtyTwoRequired_1.csv,64,3,58.6875,3.125,202,0,,False
GBOOBD,0.04582405090332031,1466.0,142.0,32,4,28,781.0,1910.0,761,test_thirtyTwoTask_1.csv,32,3,59.6875,3.1875,221,0,,
GBOFRT,0.002880096435546875,1463.0,139.0,30,4,26,1351.0,1716.0,693,test_thirtyTwoTask_1.csv,32,3,59.6875,3.1875,221,0,,
GBOPOA,0.0028429031372070312,1466.0,142.0,32,4,28,758.0,1910.0,705,test_thirtyTwoTask_1.csv,32,3,59.6875,3.1875,221,0,,
GBOOBP,0.002933979034423828,1463.0,139.0,30,4,26,1351.0,1716.0,693,test_thirtyTwoTask_1.csv,32,3,59.6875,3.1875,221,0,,
GPC,0.02101588249206543,1459.0,135.0,30,4,26,1082.0,1736.0,760,test_thirtyTwoTask_1.csv,32,3,59.6875,3.1875,221,0,,
VNS,303.4043607711792,1466.0,142.0,32,4,28,422.0,1910.0,705,test_thirtyTwoTask_1.csv,32,3,59.6875,3.1875,221,0,1466.0,
TRI,300.00235199928284,1466.0,142.0,32,4,28,816.0,1910.0,783,test_thirtyTwoTask_1.csv,32,3,59.6875,3.1875,221,0,,
IP,2.9457268714904785,1466.0,142.0,32,4,28,753.0000000000002,1910.0,830,test_thirtyTwoTask_1.csv,32,3,59.6875,3.1875,221,0,,True
GBOOBD,0.04454302787780762,4633.0,76.0,21,7,14,268.0,2956.0,616,test_threeHundredSixtyDuration_1.csv,64,3,190.0,2.984375,273,0,,
GBOFRT,0.006796121597290039,4642.0,85.0,19,7,12,462.0,2949.0,539,test_threeHundredSixtyDuration_1.csv,64,3,190.0,2.984375,273,0,,
GBOPOA,0.006675004959106445,4650.0,93.0,22,7,15,639.0,2676.0,497,test_threeHundredSixtyDuration_1.csv,64,3,190.0,2.984375,273,0,,
GBOOBP,0.0067670345306396484,4642.0,85.0,19,7,12,462.0,2949.0,539,test_threeHundredSixtyDuration_1.csv,64,3,190.0,2.984375,273,0,,
GPC,0.05159711837768555,2053.0,100.0,20,3,17,793.0,2623.0,532,test_threeHundredSixtyDuration_1.csv,64,3,190.0,2.984375,273,0,,
VNS,308.1524851322174,4661.0,104.0,25,7,18,288.0,2927.0,627,test_threeHundredSixtyDuration_1.csv,64,3,190.0,2.984375,273,0,4650.0,
TRI,300.0034120082855,4653.0,96.0,25,7,18,203.0,3266.0,600,test_threeHundredSixtyDuration_1.csv,64,3,190.0,2.984375,273,0,,
IP,305.3238089084625,4048.0,142.0,28,6,22,228.00000000000261,3229.0,668,test_threeHundredSixtyDuration_1.csv,64,3,190.0,2.984375,273,0,,False
GBOOBD,0.046957969665527344,5391.0,183.0,46,8,38,652.0,2208.0,1161,test_threeWindow_1.csv,64,3,57.15625,3.9375,149,0,,
GBOFRT,0.009014129638671875,5412.0,204.0,40,8,32,737.0,2034.0,1139,test_threeWindow_1.csv,64,3,57.15625,3.9375,149,0,,
GBOPOA,0.00861811637878418,5406.0,198.0,42,8,34,571.0,2025.0,1193,test_threeWindow_1.csv,64,3,57.15625,3.9375,149,0,,
GBOOBP,0.008989095687866211,5412.0,204.0,40,8,32,737.0,2034.0,1139,test_threeWindow_1.csv,64,3,57.15625,3.9375,149,0,,
GPC,0.12816500663757324,4093.0,187.0,42,6,36,693.0,2060.0,1223,test_threeWindow_1.csv,64,3,57.15625,3.9375,149,0,,
VNS,303.80875396728516,5421.0,213.0,43,8,35,438.0,2191.0,1201,test_threeWindow_1.csv,64,3,57.15625,3.9375,149,0,5412.0,
TRI,300.00402307510376,5423.0,215.0,46,8,38,420.0,2366.0,1204,test_threeWindow_1.csv,64,3,57.15625,3.9375,149,0,,
IP,305.3389480113983,5448.0,240.0,50,8,42,191.99999999999318,2561.0,1239,test_threeWindow_1.csv,64,3,57.15625,3.9375,149,0,,False
GBOOBD,0.06768608093261719,77261.0,131.0,59,30,29,245.0,2483.0,1446,test_twoFiftySixTask_1.csv,256,3,62.4609375,3.03515625,214,0,,
GBOFRT,0.058637142181396484,77299.0,169.0,55,30,25,275.0,2527.0,1396,test_twoFiftySixTask_1.csv,256,3,62.4609375,3.03515625,214,0,,
GBOPOA,0.06418395042419434,79879.0,178.0,58,31,27,200.0,2572.0,1385,test_twoFiftySixTask_1.csv,256,3,62.4609375,3.03515625,214,0,,
GBOOBP,0.05893301963806152,77299.0,169.0,55,30,25,275.0,2527.0,1396,test_twoFiftySixTask_1.csv,256,3,62.4609375,3.03515625,214,0,,
GPC,1.4192640781402588,20824.0,256.0,58,8,50,298.0,2439.0,1373,test_twoFiftySixTask_1.csv,256,3,62.4609375,3.03515625,214,0,,
VNS,304.80751609802246,79898.0,197.0,62,31,31,36.0,2670.0,1387,test_twoFiftySixTask_1.csv,256,3,62.4609375,3.03515625,214,0,79879.0,
TRI,300.03328490257263,36253.0,259.0,65,14,51,212.0,2726.0,1263,test_twoFiftySixTask_1.csv,256,3,62.4609375,3.03515625,214,0,,
IP,480.95948696136475,7764.0,51.0,16,3,13,1011.0000000000009,758.0,465,test_twoFiftySixTask_1.csv,256,3,62.4609375,3.03515625,214,0,,False
GBOOBD,0.05518388748168945,4671.0,114.0,32,7,25,393.0,2848.0,789,test_twoHundredFortyDuration_1.csv,64,3,122.65625,2.65625,239,0,,
GBOFRT,0.007135152816772461,4697.0,140.0,31,7,24,549.0,2571.0,877,test_twoHundredFortyDuration_1.csv,64,3,122.65625,2.65625,239,0,,
GBOPOA,0.0074999332427978516,4684.0,127.0,30,7,23,671.0,2513.0,807,test_twoHundredFortyDuration_1.csv,64,3,122.65625,2.65625,239,0,,
GBOOBP,0.007119894027709961,4697.0,140.0,31,7,24,549.0,2571.0,877,test_twoHundredFortyDuration_1.csv,64,3,122.65625,2.65625,239,0,,
GPC,0.08963298797607422,3364.0,109.0,30,5,25,444.0,2646.0,773,test_twoHundredFortyDuration_1.csv,64,3,122.65625,2.65625,239,0,,
VNS,303.7906081676483,4710.0,153.0,34,7,27,222.0,2783.0,911,test_twoHundredFortyDuration_1.csv,64,3,122.65625,2.65625,239,0,4697.0,
TRI,300.0052738189697,4688.0,131.0,31,7,24,403.0,2757.0,854,test_twoHundredFortyDuration_1.csv,64,3,122.65625,2.65625,239,0,,
IP,305.3711619377136,4705.0,148.0,32,7,25,194.99999999999181,2981.0,899,test_twoHundredFortyDuration_1.csv,64,3,122.65625,2.65625,239,0,,False
GBOOBD,0.029497861862182617,5306.0,98.0,26,8,18,262.0,1358.0,2128,test_twoHundredFortyLocation_1.csv,64,3,54.71875,2.96875,200,0,,
GBOFRT,0.007328987121582031,5349.0,141.0,30,8,22,329.0,1658.0,2015,test_twoHundredFortyLocation_1.csv,64,3,54.71875,2.96875,200,0,,
GBOPOA,0.007508993148803711,5315.0,107.0,24,8,16,283.0,1336.0,2225,test_twoHundredFortyLocation_1.csv,64,3,54.71875,2.96875,200,0,,
GBOOBP,0.007261991500854492,5349.0,141.0,30,8,22,329.0,1658.0,2015,test_twoHundredFortyLocation_1.csv,64,3,54.71875,2.96875,200,0,,
GPC,0.06693100929260254,2072.0,119.0,25,3,22,720.0,1129.0,2038,test_twoHundredFortyLocation_1.csv,64,3,54.71875,2.96875,200,0,,
VNS,303.9612638950348,5352.0,144.0,32,8,24,69.0,1744.0,2062,test_twoHundredFortyLocation_1.csv,64,3,54.71875,2.96875,200,0,5349.0,
TRI,300.0041649341583,5322.0,114.0,28,8,20,363.0,1375.0,2105,test_twoHundredFortyLocation_1.csv,64,3,54.71875,2.96875,200,0,,
IP,310.1205439567566,5351.0,143.0,28,8,20,166.00000000000534,1578.0,2310,test_twoHundredFortyLocation_1.csv,64,3,54.71875,2.96875,200,0,,False
GBOOBD,0.02082991600036621,296.0,296.0,46,0,46,536.0,2520.0,1087,test_zeroRequired_1.csv,64,3,63.03125,2.859375,212,0,,
GBOFRT,0.008220911026000977,291.0,291.0,41,0,41,736.0,2218.0,1011,test_zeroRequired_1.csv,64,3,63.03125,2.859375,212,0,,
GBOPOA,0.00831913948059082,288.0,288.0,42,0,42,654.0,2321.0,1092,test_zeroRequired_1.csv,64,3,63.03125,2.859375,212,0,,
GBOOBP,0.008332967758178711,291.0,291.0,41,0,41,736.0,2218.0,1011,test_zeroRequired_1.csv,64,3,63.03125,2.859375,212,0,,
GPC,0.11767387390136719,256.0,256.0,40,0,40,557.0,2350.0,947,test_zeroRequired_1.csv,64,3,63.03125,2.859375,212,0,,
VNS,303.7943239212036,311.0,311.0,48,0,48,160.0,2727.0,1109,test_zeroRequired_1.csv,64,3,63.03125,2.859375,212,0,296.0,
TRI,300.0065460205078,307.0,307.0,47,0,47,367.0,2503.0,1341,test_zeroRequired_1.csv,64,3,63.03125,2.859375,212,0,,
IP,305.4141719341278,329.0,329.0,50,0,50,78.00000000000864,2851.0,1129,test_zeroRequired_1.csv,64,3,63.03125,2.859375,212,0,,False
GBOOBD,0.07096505165100098,5424.0,216.0,42,8,34,395.0,2476.0,1069,test_baseline_2.csv,64,3,66.703125,2.953125,218,0,,
GBOFRT,0.008819818496704102,5434.0,226.0,40,8,32,584.0,2358.0,1093,test_baseline_2.csv,64,3,66.703125,2.953125,218,0,,
GBOPOA,0.008906841278076172,5437.0,229.0,41,8,33,527.0,2555.0,961,test_baseline_2.csv,64,3,66.703125,2.953125,218,0,,
GBOOBP,0.008805990219116211,5434.0,226.0,40,8,32,584.0,2358.0,1093,test_baseline_2.csv,64,3,66.703125,2.953125,218,0,,
GPC,0.11484384536743164,2796.0,192.0,38,4,34,768.0,2170.0,938,test_baseline_2.csv,64,3,66.703125,2.953125,218,0,,
VNS,303.7043800354004,5455.0,247.0,45,8,37,112.0,2830.0,1083,test_baseline_2.csv,64,3,66.703125,2.953125,218,0,5437.0,
TRI,300.0077769756317,5434.0,226.0,43,8,35,486.0,2424.0,1036,test_baseline_2.csv,64,3,66.703125,2.953125,218,0,,
IP,305.37199091911316,5476.0,268.0,48,8,40,82.00000000000591,2906.0,1102,test_baseline_2.csv,64,3,66.703125,2.953125,218,0,,False
GBOOBD,0.0588078498840332,5509.0,301.0,60,8,52,908.0,3476.0,1826,test_fiveDay_2.csv,64,5,58.671875,4.375,208,0,,
GBOFRT,0.009042024612426758,5507.0,299.0,58,8,50,941.0,3414.0,1583,test_fiveDay_2.csv,64,5,58.671875,4.375,208,0,,
GBOPOA,0.00921177864074707,5512.0,304.0,59,8,51,484.0,3466.0,1770,test_fiveDay_2.csv,64,5,58.671875,4.375,208,0,,
GBOOBP,0.00898885726928711,5507.0,299.0,58,8,50,941.0,3414.0,1583,test_fiveDay_2.csv,64,5,58.671875,4.375,208,0,,
GPC,0.15102219581604004,4828.0,271.0,55,7,48,1455.0,3164.0,1582,test_fiveDay_2.csv,64,5,58.671875,4.375,208,0,,
VNS,304.4753909111023,5516.0,308.0,61,8,53,228.0,3561.0,1731,test_fiveDay_2.csv,64,5,58.671875,4.375,208,0,5512.0,
TRI,300.0063030719757,5517.0,309.0,62,8,54,1316.0,3592.0,1552,test_fiveDay_2.csv,64,5,58.671875,4.375,208,0,,
IP,308.84372115135193,5518.0,310.0,61,8,53,679.0000000000174,3555.0,1809,test_fiveDay_2.csv,64,5,58.671875,4.375,208,0,,False
GBOOBD,0.02411198616027832,4614.0,57.0,17,7,10,168.0,812.0,376,test_oneDay_2.csv,64,1,54.875,1.390625,196,0,,
GBOFRT,0.007057905197143555,4620.0,63.0,15,7,8,153.0,833.0,392,test_oneDay_2.csv,64,1,54.875,1.390625,196,0,,
GBOPOA,0.006845951080322266,4623.0,66.0,16,7,9,154.0,859.0,333,test_oneDay_2.csv,64,1,54.875,1.390625,196,0,,
GBOOBP,0.007135152816772461,4620.0,63.0,15,7,8,153.0,833.0,392,test_oneDay_2.csv,64,1,54.875,1.390625,196,0,,
GPC,0.06693100929260254,98.0,98.0,18,0,18,102.0,848.0,414,test_oneDay_2.csv,64,1,54.875,1.390625,196,0,,
VNS,303.6515100002289,4629.0,72.0,17,7,10,109.0,912.0,339,test_oneDay_2.csv,64,1,54.875,1.390625,196,0,4623.0,
TRI,300.00636196136475,3967.0,61.0,16,6,10,90.0,839.0,430,test_oneDay_2.csv,64,1,54.875,1.390625,196,0,,
IP,301.89903593063354,2702.0,98.0,18,4,14,72.0000000000014,907.0,399,test_oneDay_2.csv,64,1,54.875,1.390625,196,0,,False
GBOOBD,0.05204200744628906,53892.0,1884.0,42,8,34,249.0,2476.0,1147,test_oneHundredPriority_2.csv,64,3,63.046875,2.8125,208,0,,
GBOFRT,0.008602142333984375,54245.0,2237.0,42,8,34,354.0,2492.0,1106,test_oneHundredPriority_2.csv,64,3,63.046875,2.8125,208,0,,
GBOPOA,0.008914947509765625,54141.0,2133.0,40,8,32,441.0,2326.0,1111,test_oneHundredPriority_2.csv,64,3,63.046875,2.8125,208,0,,
GBOOBP,0.008654117584228516,54245.0,2237.0,42,8,34,354.0,2492.0,1106,test_oneHundredPriority_2.csv,64,3,63.046875,2.8125,208,0,,
GPC,0.12384605407714844,40967.0,1961.0,42,6,36,357.0,2449.0,1236,test_oneHundredPriority_2.csv,64,3,63.046875,2.8125,208,0,,
VNS,303.9942400455475,54391.0,2383.0,45,8,37,57.0,2655.0,1187,test_oneHundredPriority_2.csv,64,3,63.046875,2.8125,208,0,54245.0,
TRI,300.0036699771881,54116.0,2108.0,41,8,33,511.0,2494.0,992,test_oneHundredPriority_2.csv,64,3,63.046875,2.8125,208,0,,
IP,305.41364884376526,53927.0,1919.0,37,8,29,492.00000000000136,2399.0,1000,test_oneHundredPriority_2.csv,64,3,63.046875,2.8125,208,0,,False
GBOOBD,0.0659630298614502,5339.0,131.0,35,8,27,375.0,1900.0,1717,test_oneHundredTwentyLocation_2.csv,64,3,65.546875,3.09375,213,0,,
GBOFRT,0.008252859115600586,5392.0,184.0,34,8,26,417.0,2077.0,1341,test_oneHundredTwentyLocation_2.csv,64,3,65.546875,3.09375,213,0,,
GBOPOA,0.008356809616088867,5392.0,184.0,36,8,28,249.0,2134.0,1468,test_oneHundredTwentyLocation_2.csv,64,3,65.546875,3.09375,213,0,,
GBOOBP,0.008249998092651367,5392.0,184.0,34,8,26,417.0,2077.0,1341,test_oneHundredTwentyLocation_2.csv,64,3,65.546875,3.09375,213,0,,
GPC,0.10275697708129883,2763.0,159.0,34,4,30,557.0,1795.0,1548,test_oneHundredTwentyLocation_2.csv,64,3,65.546875,3.09375,213,0,,
VNS,303.8730499744415,5402.0,194.0,36,8,28,73.0,2276.0,1391,test_oneHundredTwentyLocation_2.csv,64,3,65.546875,3.09375,213,0,5392.0,
TRI,300.0072228908539,5352.0,144.0,34,8,26,428.0,2082.0,1319,test_oneHundredTwentyLocation_2.csv,64,3,65.546875,3.09375,213,0,,
IP,305.42690205574036,5403.0,195.0,39,8,31,247.99999999999864,2300.0,1546,test_oneHundredTwentyLocation_2.csv,64,3,65.546875,3.09375,213,0,,False
GBOOBD,0.047987937927246094,565.0,37.0,45,8,37,496.0,2230.0,1158,test_onePriority_2.csv,64,3,59.65625,2.765625,212,0,,
GBOFRT,0.008361101150512695,565.0,37.0,45,8,37,496.0,2230.0,1158,test_onePriority_2.csv,64,3,59.65625,2.765625,212,0,,
GBOPOA,0.008186101913452148,562.0,34.0,42,8,34,718.0,2173.0,1125,test_onePriority_2.csv,64,3,59.65625,2.765625,212,0,,
GBOOBP,0.008243083953857422,565.0,37.0,45,8,37,496.0,2230.0,1158,test_onePriority_2.csv,64,3,59.65625,2.765625,212,0,,
GPC,0.1205449104309082,496.0,34.0,41,7,34,716.0,2304.0,1054,test_onePriority_2.csv,64,3,59.65625,2.765625,212,0,,
VNS,303.8005700111389,566.0,38.0,46,8,38,245.0,2284.0,1201,test_onePriority_2.csv,64,3,59.65625,2.765625,212,0,565.0,
TRI,300.00261402130127,568.0,40.0,48,8,40,447.0,2501.0,1120,test_onePriority_2.csv,64,3,59.65625,2.765625,212,0,,
IP,305.34501099586487,569.0,41.0,49,8,41,348.0000000000002,2477.0,1255,test_onePriority_2.csv,64,3,59.65625,2.765625,212,0,,False
GBOOBD,0.05994296073913574,19568.0,203.0,53,15,38,388.0,2386.0,1269,test_oneTwentyEightTask_2.csv,128,3,58.5078125,2.796875,207,0,,
GBOFRT,0.02335214614868164,19630.0,265.0,52,15,37,405.0,2511.0,1148,test_oneTwentyEightTask_2.csv,128,3,58.5078125,2.796875,207,0,,
GBOPOA,0.02369999885559082,18351.0,277.0,56,14,42,299.0,2534.0,1322,test_oneTwentyEightTask_2.csv,128,3,58.5078125,2.796875,207,0,,
GBOOBP,0.023771047592163086,19630.0,265.0,52,15,37,405.0,2511.0,1148,test_oneTwentyEightTask_2.csv,128,3,58.5078125,2.796875,207,0,,
GPC,0.437471866607666,6724.0,269.0,48,5,43,376.0,2364.0,1325,test_oneTwentyEightTask_2.csv,128,3,58.5078125,2.796875,207,0,,
VNS,307.33588910102844,19643.0,278.0,55,15,40,78.0,2661.0,1202,test_oneTwentyEightTask_2.csv,128,3,58.5078125,2.796875,207,0,19630.0,
TRI,300.02232909202576,14419.0,218.0,53,11,42,554.0,2501.0,1096,test_oneTwentyEightTask_2.csv,128,3,58.5078125,2.796875,207,0,,
IP,328.0351800918579,14458.0,257.0,52,11,41,376.0000000000053,2458.0,1308,test_oneTwentyEightTask_2.csv,128,3,58.5078125,2.796875,207,0,,False
GBOOBD,0.01672196388244629,5398.0,190.0,42,8,34,467.0,2128.0,1080,test_oneWindow_2.csv,64,3,57.578125,2.015625,204,0,,
GBOFRT,0.007811069488525391,5405.0,197.0,37,8,29,683.0,1842.0,1013,test_oneWindow_2.csv,64,3,57.578125,2.015625,204,0,,
GBOPOA,0.0076389312744140625,5409.0,201.0,38,8,30,429.0,2017.0,1014,test_oneWindow_2.csv,64,3,57.578125,2.015625,204,0,,
GBOOBP,0.007920026779174805,5405.0,197.0,37,8,29,683.0,1842.0,1013,test_oneWindow_2.csv,64,3,57.578125,2.015625,204,0,,
GPC,0.111083984375,4079.0,173.0,41,6,35,837.0,1904.0,1193,test_oneWindow_2.csv,64,3,57.578125,2.015625,204,0,,
VNS,303.7757740020752,5438.0,230.0,45,8,37,16.0,2298.0,1226,test_oneWindow_2.csv,64,3,57.578125,2.015625,204,0,5409.0,
TRI,300.00513100624084,5428.0,220.0,44,8,36,475.0,2218.0,1180,test_oneWindow_2.csv,64,3,57.578125,2.015625,204,0,,
IP,305.3290400505066,5477.0,269.0,51,8,43,68.00000000000358,2651.0,1245,test_oneWindow_2.csv,64,3,57.578125,2.015625,204,0,,False
GBOOBD,0.06533694267272949,5532.0,324.0,64,8,56,2210.0,4024.0,1618,test_sevenDay_2.csv,64,7,62.875,6.109375,214,0,,
GBOFRT,0.0100860595703125,5523.0,315.0,62,8,54,2048.0,3851.0,1601,test_sevenDay_2.csv,64,7,62.875,6.109375,214,0,,
GBOPOA,0.009185075759887695,5525.0,317.0,63,8,55,2820.0,3943.0,1434,test_sevenDay_2.csv,64,7,62.875,6.109375,214,0,,
GBOOBP,0.010038137435913086,5523.0,315.0,62,8,54,2048.0,3851.0,1601,test_sevenDay_2.csv,64,7,62.875,6.109375,214,0,,
GPC,0.1618640422821045,4879.0,322.0,62,7,55,2086.0,3887.0,1653,test_sevenDay_2.csv,64,7,62.875,6.109375,214,0,,
VNS,304.14810395240784,5532.0,324.0,64,8,56,1532.0,4024.0,1618,test_sevenDay_2.csv,64,7,62.875,6.109375,214,0,5532.0,
TRI,300.0059459209442,5532.0,324.0,64,8,56,2755.0,4024.0,1625,test_sevenDay_2.csv,64,7,62.875,6.109375,214,0,,
IP,123.62467908859253,5532.0,324.0,64,8,56,2126.999999999985,4024.0,1788,test_sevenDay_2.csv,64,7,62.875,6.109375,214,0,,True
GBOOBD,0.026086807250976562,5395.0,187.0,46,8,38,462.0,2259.0,1175,test_sixteenDependencies_2.csv,64,3,55.3125,2.828125,204,16,,
GBOFRT,0.007825136184692383,5414.0,206.0,41,8,33,537.0,2188.0,1140,test_sixteenDependencies_2.csv,64,3,55.3125,2.828125,204,16,,
GBOPOA,0.0069010257720947266,5398.0,190.0,42,8,34,463.0,2213.0,1121,test_sixteenDependencies_2.csv,64,3,55.3125,2.828125,204,16,,
GBOOBP,0.007169008255004883,5400.0,192.0,40,8,32,496.0,2285.0,1065,test_sixteenDependencies_2.csv,64,3,55.3125,2.828125,204,16,,
GPC,0.10506606101989746,3455.0,200.0,42,5,37,678.0,2162.0,987,test_sixteenDependencies_2.csv,64,3,55.3125,2.828125,204,16,,
VNS,303.8576741218567,5425.0,217.0,46,8,38,148.0,2457.0,1241,test_sixteenDependencies_2.csv,64,3,55.3125,2.828125,204,16,5400.0,
TRI,300.0061709880829,5423.0,215.0,46,8,38,456.0,2419.0,1136,test_sixteenDependencies_2.csv,64,3,55.3125,2.828125,204,16,,
IP,305.39448404312134,5443.0,235.0,50,8,42,239.00000000000773,2586.0,1197,test_sixteenDependencies_2.csv,64,3,55.3125,2.828125,204,16,,False
GBOOBD,0.022810935974121094,10567.0,151.0,48,16,32,403.0,2424.0,1292,test_sixteenRequired_2.csv,64,3,57.890625,3.015625,206,0,,
GBOFRT,0.00849604606628418,10580.0,164.0,46,16,30,502.0,2391.0,1130,test_sixteenRequired_2.csv,64,3,57.890625,3.015625,206,0,,
GBOPOA,0.008399009704589844,10584.0,168.0,45,16,29,496.0,2542.0,1002,test_sixteenRequired_2.csv,64,3,57.890625,3.015625,206,0,,
GBOOBP,0.008391857147216797,10580.0,164.0,46,16,30,502.0,2391.0,1130,test_sixteenRequired_2.csv,64,3,57.890625,3.015625,206,0,,
GPC,0.12624692916870117,7327.0,166.0,44,11,33,403.0,2482.0,1122,test_sixteenRequired_2.csv,64,3,57.890625,3.015625,206,0,,
VNS,304.0022940635681,10596.0,180.0,48,16,32,176.0,2645.0,1089,test_sixteenRequired_2.csv,64,3,57.890625,3.015625,206,0,10584.0,
TRI,300.00511384010315,10577.0,161.0,49,16,33,373.0,2460.0,1086,test_sixteenRequired_2.csv,64,3,57.890625,3.015625,206,0,,
IP,305.35097789764404,10618.0,202.0,52,16,36,135.00000000000227,2806.0,1295,test_sixteenRequired_2.csv,64,3,57.890625,3.015625,206,0,,False
GBOOBD,0.05224800109863281,423.0,81.0,16,2,14,880.0,813.0,362,test_sixteenTask_2.csv,16,3,50.8125,2.9375,195,0,,
GBOFRT,0.0011029243469238281,423.0,81.0,16,2,14,847.0,813.0,361,test_sixteenTask_2.csv,16,3,50.8125,2.9375,195,0,,
GBOPOA,0.0010998249053955078,423.0,81.0,16,2,14,982.0,813.0,362,test_sixteenTask_2.csv,16,3,50.8125,2.9375,195,0,,
GBOOBP,0.0010900497436523438,423.0,81.0,16,2,14,847.0,813.0,361,test_sixteenTask_2.csv,16,3,50.8125,2.9375,195,0,,
GPC,0.0047149658203125,423.0,81.0,16,2,14,791.0,813.0,451,test_sixteenTask_2.csv,16,3,50.8125,2.9375,195,0,,
VNS,303.3302278518677,423.0,81.0,16,2,14,710.0,813.0,361,test_sixteenTask_2.csv,16,3,50.8125,2.9375,195,0,423.0,
TRI,300.00074887275696,423.0,81.0,16,2,14,985.0,813.0,359,test_sixteenTask_2.csv,16,3,50.8125,2.9375,195,0,,
IP,0.32526302337646484,423.0,81.0,16,2,14,1304.0000000000018,813.0,379,test_sixteenTask_2.csv,16,3,50.8125,2.9375,195,0,,True
GBOOBD,0.05805802345275879,5500.0,292.0,58,8,50,709.0,1779.0,1609,test_sixtyDuration_2.csv,64,3,30.1875,3.15625,186,0,,
GBOFRT,0.00882101058959961,5498.0,290.0,55,8,47,573.0,1683.0,1431,test_sixtyDuration_2.csv,64,3,30.1875,3.15625,186,0,,
GBOPOA,0.008610010147094727,5500.0,292.0,56,8,48,485.0,1694.0,1445,test_sixtyDuration_2.csv,64,3,30.1875,3.15625,186,0,,
GBOOBP,0.008809089660644531,5498.0,290.0,55,8,47,573.0,1683.0,1431,test_sixtyDuration_2.csv,64,3,30.1875,3.15625,186,0,,
GPC,0.14583802223205566,4815.0,258.0,53,7,46,751.0,1587.0,1208,test_sixtyDuration_2.csv,64,3,30.1875,3.15625,186,0,,
VNS,304.2207980155945,5512.0,304.0,60,8,52,183.0,1801.0,1552,test_sixtyDuration_2.csv,64,3,30.1875,3.15625,186,0,5500.0,
TRI,300.00384402275085,5502.0,294.0,59,8,51,559.0,1821.0,1545,test_sixtyDuration_2.csv,64,3,30.1875,3.15625,186,0,,
IP,305.35973501205444,5516.0,308.0,61,8,53,356.00000000000455,1823.0,1638,test_sixtyDuration_2.csv,64,3,30.1875,3.15625,186,0,,False
GBOOBD,0.07045412063598633,5451.0,243.0,50,8,42,173.0,2620.0,1255,test_sixtyFourConsistent_2.csv,64,3,61.9375,4.125,219,0,,
GBOFRT,0.009799003601074219,5466.0,258.0,44,8,36,420.0,2605.0,1070,test_sixtyFourConsistent_2.csv,64,3,61.9375,4.125,219,0,,
GBOPOA,0.009575128555297852,5439.0,231.0,42,8,34,471.0,2409.0,1000,test_sixtyFourConsistent_2.csv,64,3,61.9375,4.125,219,0,,
GBOOBP,0.009740829467773438,5466.0,258.0,44,8,36,420.0,2605.0,1070,test_sixtyFourConsistent_2.csv,64,3,61.9375,4.125,219,0,,
GPC,0.136199951171875,2823.0,219.0,44,4,40,409.0,2399.0,1154,test_sixtyFourConsistent_2.csv,64,3,61.9375,4.125,219,0,,
VNS,303.53983187675476,5470.0,262.0,45,8,37,208.0,2655.0,1117,test_sixtyFourConsistent_2.csv,64,3,61.9375,4.125,219,0,5466.0,
TRI,300.0086281299591,5440.0,232.0,43,8,35,255.0,2600.0,1179,test_sixtyFourConsistent_2.csv,64,3,61.9375,4.125,219,0,,
IP,305.32253313064575,5459.0,251.0,43,8,35,199.00000000000827,2556.0,1154,test_sixtyFourConsistent_2.csv,64,3,61.9375,4.125,219,0,,False
GBOOBD,0.052082061767578125,5427.0,219.0,52,8,44,374.0,2928.0,690,test_thirtyLocation_2.csv,64,3,60.625,3.078125,211,0,,
GBOFRT,0.008912801742553711,5451.0,243.0,51,8,43,534.0,2852.0,647,test_thirtyLocation_2.csv,64,3,60.625,3.078125,211,0,,
GBOPOA,0.008852005004882812,5442.0,234.0,48,8,40,584.0,2744.0,695,test_thirtyLocation_2.csv,64,3,60.625,3.078125,211,0,,
GBOOBP,0.008749008178710938,5451.0,243.0,51,8,43,534.0,2852.0,647,test_thirtyLocation_2.csv,64,3,60.625,3.078125,211,0,,
GPC,0.1485579013824463,4767.0,210.0,50,7,43,528.0,2807.0,663,test_thirtyLocation_2.csv,64,3,60.625,3.078125,211,0,,
VNS,303.4858920574188,5456.0,248.0,53,8,45,308.0,2965.0,680,test_thirtyLocation_2.csv,64,3,60.625,3.078125,211,0,5451.0,
TRI,300.0065019130707,5447.0,239.0,53,8,45,515.0,2850.0,703,test_thirtyLocation_2.csv,64,3,60.625,3.078125,211,0,,
IP,305.39605498313904,5458.0,250.0,53,8,45,463.99999999998073,2883.0,754,test_thirtyLocation_2.csv,64,3,60.625,3.078125,211,0,,False
GBOOBD,0.06223583221435547,5382.0,174.0,47,8,39,386.0,2508.0,1209,test_thirtyTwoConsistent_2.csv,64,3,64.4375,3.875,235,0,,
GBOFRT,0.009540081024169922,5424.0,216.0,42,8,34,410.0,2561.0,1136,test_thirtyTwoConsistent_2.csv,64,3,64.4375,3.875,235,0,,
GBOPOA,0.009537935256958008,5420.0,212.0,41,8,33,363.0,2431.0,1217,test_thirtyTwoConsistent_2.csv,64,3,64.4375,3.875,235,0,,
GBOOBP,0.009785175323486328,5424.0,216.0,42,8,34,410.0,2561.0,1136,test_thirtyTwoConsistent_2.csv,64,3,64.4375,3.875,235,0,,
GPC,0.1263570785522461,4113.0,207.0,42,6,36,285.0,2587.0,1156,test_thirtyTwoConsistent_2.csv,64,3,64.4375,3.875,235,0,,
VNS,303.58245301246643,5429.0,221.0,44,8,36,220.0,2672.0,1173,test_thirtyTwoConsistent_2.csv,64,3,64.4375,3.875,235,0,5424.0,
TRI,300.0041480064392,5412.0,204.0,45,8,37,296.0,2503.0,1122,test_thirtyTwoConsistent_2.csv,64,3,64.4375,3.875,235,0,,
IP,305.36639404296875,5427.0,219.0,43,8,35,162.0,2599.0,1289,test_thirtyTwoConsistent_2.csv,64,3,64.4375,3.875,235,0,,False
GBOOBD,0.013041019439697266,2159.0,206.0,39,3,36,849.0,1982.0,972,test_thirtyTwoDependencies_2.csv,64,3,51.828125,3.078125,198,32,,
GBOFRT,0.006564140319824219,4116.0,210.0,41,6,35,764.0,2039.0,1082,test_thirtyTwoDependencies_2.csv,64,3,51.828125,3.078125,198,32,,
GBOPOA,0.005691051483154297,2156.0,203.0,36,3,33,985.0,1848.0,1087,test_thirtyTwoDependencies_2.csv,64,3,51.828125,3.078125,198,32,,
GBOOBP,0.005468845367431641,2161.0,208.0,39,3,36,906.0,2021.0,1077,test_thirtyTwoDependencies_2.csv,64,3,51.828125,3.078125,198,32,,
GPC,0.08891892433166504,4128.0,222.0,44,6,38,580.0,2133.0,1155,test_thirtyTwoDependencies_2.csv,64,3,51.828125,3.078125,198,32,,
VNS,303.41605496406555,4133.0,227.0,46,6,40,205.0,2230.0,1251,test_thirtyTwoDependencies_2.csv,64,3,51.828125,3.078125,198,32,4128.0,
TRI,300.0048677921295,4779.0,222.0,44,7,37,497.0,2340.0,1076,test_thirtyTwoDependencies_2.csv,64,3,51.828125,3.078125,198,32,,
IP,305.45657300949097,4163.0,257.0,49,6,43,527.0000000000011,2355.0,1188,test_thirtyTwoDependencies_2.csv,64,3,51.828125,3.078125,198,32,,False
GBOOBD,0.06636595726013184,19615.0,85.0,43,30,13,522.0,2463.0,994,test_thirtyTwoRequired_2.csv,64,3,65.765625,3.25,219,0,,
GBOFRT,0.009322166442871094,19623.0,93.0,42,30,12,519.0,2460.0,1033,test_thirtyTwoRequired_2.csv,64,3,65.765625,3.25,219,0,,
GBOPOA,0.009127140045166016,18316.0,88.0,40,28,12,686.0,2171.0,1034,test_thirtyTwoRequired_2.csv,64,3,65.765625,3.25,219,0,,
GBOOBP,0.00923299789428711,19623.0,93.0,42,30,12,519.0,2460.0,1033,test_thirtyTwoRequired_2.csv,64,3,65.765625,3.25,219,0,,
GPC,0.12818193435668945,14436.0,114.0,41,22,19,554.0,2202.0,1131,test_thirtyTwoRequired_2.csv,64,3,65.765625,3.25,219,0,,
VNS,303.62580704689026,19638.0,108.0,45,30,15,131.0,2653.0,1064,test_thirtyTwoRequired_2.csv,64,3,65.765625,3.25,219,0,19623.0,
TRI,300.0054090023041,17699.0,122.0,46,27,19,308.0,2717.0,1128,test_thirtyTwoRequired_2.csv,64,3,65.765625,3.25,219,0,,
IP,305.36859703063965,20293.0,112.0,48,31,17,164.99999999999096,2820.0,1075,test_thirtyTwoRequired_2.csv,64,3,65.765625,3.25,219,0,,False
GBOOBD,0.019676923751831055,1454.0,130.0,31,4,27,1234.0,1595.0,959,test_thirtyTwoTask_2.csv,32,3,53.5625,2.65625,215,0,,
GBOFRT,0.002672910690307617,1443.0,119.0,29,4,25,1108.0,1563.0,900,test_thirtyTwoTask_2.csv,32,3,53.5625,2.65625,215,0,,
GBOPOA,0.0026199817657470703,1454.0,130.0,31,4,27,752.0,1660.0,1109,test_thirtyTwoTask_2.csv,32,3,53.5625,2.65625,215,0,,
GBOOBP,0.002660036087036133,1443.0,119.0,29,4,25,1108.0,1563.0,900,test_thirtyTwoTask_2.csv,32,3,53.5625,2.65625,215,0,,
GPC,0.021610021591186523,1445.0,121.0,30,4,26,1022.0,1540.0,902,test_thirtyTwoTask_2.csv,32,3,53.5625,2.65625,215,0,,
VNS,303.5342011451721,1454.0,130.0,31,4,27,596.0,1660.0,1109,test_thirtyTwoTask_2.csv,32,3,53.5625,2.65625,215,0,1454.0,
TRI,300.00157403945923,1457.0,133.0,32,4,28,916.0,1714.0,938,test_thirtyTwoTask_2.csv,32,3,53.5625,2.65625,215,0,,
IP,4.842484951019287,1457.0,133.0,32,4,28,800.0000000000023,1714.0,1052,test_thirtyTwoTask_2.csv,32,3,53.5625,2.65625,215,0,,True
GBOOBD,0.04137992858886719,5293.0,85.0,25,8,17,465.0,2542.0,823,test_threeHundredSixtyDuration_2.csv,64,3,164.140625,2.875,260,0,,
GBOFRT,0.00704503059387207,5303.0,95.0,23,8,15,465.0,2860.0,560,test_threeHundredSixtyDuration_2.csv,64,3,164.140625,2.875,260,0,,
GBOPOA,0.006788015365600586,5298.0,90.0,24,8,16,505.0,2758.0,670,test_threeHundredSixtyDuration_2.csv,64,3,164.140625,2.875,260,0,,
GBOOBP,0.007097959518432617,5303.0,95.0,23,8,15,465.0,2860.0,560,test_threeHundredSixtyDuration_2.csv,64,3,164.140625,2.875,260,0,,
GPC,0.07037210464477539,1425.0,123.0,26,2,24,767.0,2603.0,640,test_threeHundredSixtyDuration_2.csv,64,3,164.140625,2.875,260,0,,
VNS,303.8635079860687,5317.0,109.0,26,8,18,96.0,3153.0,641,test_threeHundredSixtyDuration_2.csv,64,3,164.140625,2.875,260,0,5303.0,
TRI,300.0039629936218,4667.0,110.0,27,7,20,380.0,2797.0,730,test_threeHundredSixtyDuration_2.csv,64,3,164.140625,2.875,260,0,,
IP,305.32731795310974,4682.0,125.0,29,7,22,207.9999999999864,3212.0,677,test_threeHundredSixtyDuration_2.csv,64,3,164.140625,2.875,260,0,,False
GBOOBD,0.02232503890991211,5425.0,217.0,47,8,39,353.0,2663.0,1059,test_threeWindow_2.csv,64,3,60.609375,4.015625,152,0,,
GBOFRT,0.009150028228759766,5435.0,227.0,42,8,34,809.0,2334.0,1016,test_threeWindow_2.csv,64,3,60.609375,4.015625,152,0,,
GBOPOA,0.008918046951293945,5446.0,238.0,45,8,37,619.0,2371.0,1077,test_threeWindow_2.csv,64,3,60.609375,4.015625,152,0,,
GBOOBP,0.009088993072509766,5435.0,227.0,42,8,34,809.0,2334.0,1016,test_threeWindow_2.csv,64,3,60.609375,4.015625,152,0,,
GPC,0.13546991348266602,2817.0,213.0,43,4,39,569.0,2251.0,1212,test_threeWindow_2.csv,64,3,60.609375,4.015625,152,0,,
VNS,304.19884991645813,5452.0,244.0,47,8,39,400.0,2441.0,1092,test_threeWindow_2.csv,64,3,60.609375,4.015625,152,0,5446.0,
TRI,300.00348806381226,5430.0,222.0,44,8,36,617.0,2371.0,1025,test_threeWindow_2.csv,64,3,60.609375,4.015625,152,0,,
IP,305.3338551521301,5462.0,254.0,48,8,40,213.00000000000972,2553.0,1232,test_threeWindow_2.csv,64,3,60.609375,4.015625,152,0,,False
GBOOBD,0.12252306938171387,82423.0,151.0,62,32,30,229.0,2382.0,1511,test_twoFiftySixTask_2.csv,256,3,59.7734375,3.05859375,212,0,,
GBOFRT,0.06497502326965332,82498.0,226.0,61,32,29,162.0,2541.0,1453,test_twoFiftySixTask_2.csv,256,3,59.7734375,3.05859375,212,0,,
GBOPOA,0.062274932861328125,82463.0,191.0,62,32,30,150.0,2465.0,1487,test_twoFiftySixTask_2.csv,256,3,59.7734375,3.05859375,212,0,,
GBOOBP,0.0689551830291748,82498.0,226.0,61,32,29,162.0,2541.0,1453,test_twoFiftySixTask_2.csv,256,3,59.7734375,3.05859375,212,0,,
GPC,1.6039459705352783,18285.0,288.0,62,7,55,226.0,2474.0,1438,test_twoFiftySixTask_2.csv,256,3,59.7734375,3.05859375,212,0,,
VNS,305.30016112327576,82508.0,236.0,64,32,32,55.0,2596.0,1454,test_twoFiftySixTask_2.csv,256,3,59.7734375,3.05859375,212,0,82498.0,
TRI,300.0206959247589,41410.0,274.0,66,16,50,211.0,2591.0,1297,test_twoFiftySixTask_2.csv,256,3,59.7734375,3.05859375,212,0,,
IP,479.7392499446869,2687.0,116.0,23,1,22,1708.0000000000011,1193.0,629,test_twoFiftySixTask_2.csv,256,3,59.7734375,3.05859375,212,0,,False
GBOOBD,0.02531909942626953,5323.0,115.0,32,8,24,465.0,2507.0,851,test_twoHundredFortyDuration_2.csv,64,3,123.0625,2.859375,244,0,,
GBOFRT,0.007364988327026367,5337.0,129.0,27,8,19,431.0,2724.0,758,test_twoHundredFortyDuration_2.csv,64,3,123.0625,2.859375,244,0,,
GBOPOA,0.007726907730102539,5352.0,144.0,30,8,22,326.0,3072.0,641,test_twoHundredFortyDuration_2.csv,64,3,123.0625,2.859375,244,0,,
GBOOBP,0.007421016693115234,5337.0,129.0,27,8,19,431.0,2724.0,758,test_twoHundredFortyDuration_2.csv,64,3,123.0625,2.859375,244,0,,
GPC,0.06750702857971191,1421.0,119.0,25,2,23,441.0,2793.0,751,test_twoHundredFortyDuration_2.csv,64,3,123.0625,2.859375,244,0,,
VNS,303.6814031600952,5354.0,146.0,32,8,24,50.0,3122.0,705,test_twoHundredFortyDuration_2.csv,64,3,123.0625,2.859375,244,0,5352.0,
TRI,300.00576996803284,5320.0,112.0,27,8,19,382.0,2677.0,811,test_twoHundredFortyDuration_2.csv,64,3,123.0625,2.859375,244,0,,
IP,305.3301920890808,4719.0,162.0,35,7,28,276.99999999999955,2852.0,972,test_twoHundredFortyDuration_2.csv,64,3,123.0625,2.859375,244,0,,False
GBOOBD,0.06398200988769531,5314.0,106.0,26,8,18,436.0,1209.0,2111,test_twoHundredFortyLocation_2.csv,64,3,61.5,2.859375,218,0,,
GBOFRT,0.007630109786987305,5336.0,128.0,26,8,18,269.0,1285.0,2395,test_twoHundredFortyLocation_2.csv,64,3,61.5,2.859375,218,0,,
GBOPOA,0.007529020309448242,5323.0,115.0,24,8,16,530.0,1192.0,1905,test_twoHundredFortyLocation_2.csv,64,3,61.5,2.859375,218,0,,
GBOOBP,0.0077228546142578125,5336.0,128.0,26,8,18,269.0,1285.0,2395,test_twoHundredFortyLocation_2.csv,64,3,61.5,2.859375,218,0,,
GPC,0.06414008140563965,2712.0,108.0,24,4,20,698.0,1167.0,1960,test_twoHundredFortyLocation_2.csv,64,3,61.5,2.859375,218,0,,
VNS,303.74613189697266,5336.0,128.0,26,8,18,106.0,1285.0,2395,test_twoHundredFortyLocation_2.csv,64,3,61.5,2.859375,218,0,5336.0,
TRI,300.00344920158386,5322.0,114.0,27,8,19,389.0,1302.0,2026,test_twoHundredFortyLocation_2.csv,64,3,61.5,2.859375,218,0,,
IP,305.3191649913788,5378.0,170.0,34,8,26,111.00000000002007,1685.0,2385,test_twoHundredFortyLocation_2.csv,64,3,61.5,2.859375,218,0,,False
GBOOBD,0.019483089447021484,254.0,254.0,44,0,44,210.0,2543.0,1258,test_zeroRequired_2.csv,64,3,64.78125,2.921875,219,0,,
GBOFRT,0.008697986602783203,275.0,275.0,40,0,40,488.0,2422.0,986,test_zeroRequired_2.csv,64,3,64.78125,2.921875,219,0,,
GBOPOA,0.008615970611572266,278.0,278.0,41,0,41,297.0,2277.0,1249,test_zeroRequired_2.csv,64,3,64.78125,2.921875,219,0,,
GBOOBP,0.00832509994506836,275.0,275.0,40,0,40,488.0,2422.0,986,test_zeroRequired_2.csv,64,3,64.78125,2.921875,219,0,,
GPC,0.11863303184509277,212.0,212.0,40,0,40,585.0,2297.0,1051,test_zeroRequired_2.csv,64,3,64.78125,2.921875,219,0,,
VNS,304.06895089149475,284.0,284.0,44,0,44,68.0,2402.0,1268,test_zeroRequired_2.csv,64,3,64.78125,2.921875,219,0,278.0,
TRI,300.0047860145569,274.0,274.0,44,0,44,385.0,2520.0,1110,test_zeroRequired_2.csv,64,3,64.78125,2.921875,219,0,,
IP,305.3842439651489,297.0,297.0,47,0,47,35.00000000000642,2678.0,1256,test_zeroRequired_2.csv,64,3,64.78125,2.921875,219,0,,False
GBOOBD,0.05737709999084473,5364.0,156.0,37,8,29,520.0,2280.0,1141,test_baseline_3.csv,64,3,68.15625,3.4375,210,0,,
GBOFRT,0.008620023727416992,5414.0,206.0,38,8,30,338.0,2489.0,1136,test_baseline_3.csv,64,3,68.15625,3.4375,210,0,,
GBOPOA,0.008621931076049805,5394.0,186.0,35,8,27,783.0,2144.0,1060,test_baseline_3.csv,64,3,68.15625,3.4375,210,0,,
GBOOBP,0.008620023727416992,5414.0,206.0,38,8,30,338.0,2489.0,1136,test_baseline_3.csv,64,3,68.15625,3.4375,210,0,,
GPC,0.11928582191467285,2795.0,191.0,39,4,35,398.0,2424.0,1126,test_baseline_3.csv,64,3,68.15625,3.4375,210,0,,
VNS,303.800087928772,5434.0,226.0,41,8,33,155.0,2658.0,1152,test_baseline_3.csv,64,3,68.15625,3.4375,210,0,5414.0,
TRI,300.0048339366913,5411.0,203.0,40,8,32,304.0,2613.0,1102,test_baseline_3.csv,64,3,68.15625,3.4375,210,0,,
IP,305.3757770061493,5423.0,215.0,40,8,32,207.00000000000284,2732.0,1096,test_baseline_3.csv,64,3,68.15625,3.4375,210,0,,False
GBOOBD,0.0536959171295166,5507.0,299.0,58,8,50,952.0,3500.0,1698,test_fiveDay_3.csv,64,5,61.4375,4.328125,206,0,,
GBOFRT,0.008942842483520508,5520.0,312.0,57,8,49,800.0,3412.0,1561,test_fiveDay_3.csv,64,5,61.4375,4.328125,206,0,,
GBOPOA,0.009280920028686523,5526.0,318.0,58,8,50,932.0,3392.0,1602,test_fiveDay_3.csv,64,5,61.4375,4.328125,206,0,,
GBOOBP,0.009669065475463867,5520.0,312.0,57,8,49,800.0,3412.0,1561,test_fiveDay_3.csv,64,5,61.4375,4.328125,206,0,,
GPC,0.15431809425354004,5505.0,297.0,57,8,49,879.0,3351.0,1562,test_fiveDay_3.csv,64,5,61.4375,4.328125,206,0,,
VNS,303.7161509990692,5543.0,335.0,61,8,53,361.0,3617.0,1684,test_fiveDay_3.csv,64,5,61.4375,4.328125,206,0,5526.0,
TRI,300.0065221786499,5535.0,327.0,60,8,52,835.0,3578.0,1779,test_fiveDay_3.csv,64,5,61.4375,4.328125,206,0,,
IP,308.8364269733429,5537.0,329.0,62,8,54,1037.0,3738.0,1720,test_fiveDay_3.csv,64,5,61.4375,4.328125,206,0,,False
GBOOBD,0.04200100898742676,5279.0,71.0,20,8,12,131.0,735.0,470,test_oneDay_3.csv,64,1,58.75,1.515625,224,0,,
GBOFRT,0.008037090301513672,5289.0,81.0,18,8,10,192.0,766.0,402,test_oneDay_3.csv,64,1,58.75,1.515625,224,0,,
GBOPOA,0.00821995735168457,5296.0,88.0,19,8,11,132.0,803.0,465,test_oneDay_3.csv,64,1,58.75,1.515625,224,0,,
GBOOBP,0.00797891616821289,5289.0,81.0,18,8,10,192.0,766.0,402,test_oneDay_3.csv,64,1,58.75,1.515625,224,0,,
GPC,0.08259916305541992,3345.0,90.0,21,5,16,198.0,641.0,549,test_oneDay_3.csv,64,1,58.75,1.515625,224,0,,
VNS,303.9128668308258,5305.0,97.0,21,8,13,28.0,832.0,492,test_oneDay_3.csv,64,1,58.75,1.515625,224,0,5296.0,
TRI,300.0062310695648,5283.0,75.0,19,8,11,96.0,823.0,472,test_oneDay_3.csv,64,1,58.75,1.515625,224,0,,
IP,301.9683530330658,4020.0,114.0,23,6,17,29.99999999999983,714.0,544,test_oneDay_3.csv,64,1,58.75,1.515625,224,0,,False
GBOOBD,0.02070784568786621,53770.0,1762.0,48,8,40,417.0,2320.0,1263,test_oneHundredPriority_3.csv,64,3,57.296875,3.046875,204,0,,
GBOFRT,0.00896310806274414,53889.0,1881.0,46,8,38,615.0,2314.0,1148,test_oneHundredPriority_3.csv,64,3,57.296875,3.046875,204,0,,
GBOPOA,0.008986949920654297,53813.0,1805.0,42,8,34,791.0,2137.0,1082,test_oneHundredPriority_3.csv,64,3,57.296875,3.046875,204,0,,
GBOOBP,0.008854866027832031,53889.0,1881.0,46,8,38,615.0,2314.0,1148,test_oneHundredPriority_3.csv,64,3,57.296875,3.046875,204,0,,
GPC,0.13492798805236816,34125.0,1620.0,45,5,40,656.0,2365.0,1058,test_oneHundredPriority_3.csv,64,3,57.296875,3.046875,204,0,,
VNS,303.9653089046478,53895.0,1887.0,47,8,39,456.0,2354.0,1171,test_oneHundredPriority_3.csv,64,3,57.296875,3.046875,204,0,53889.0,
TRI,300.00372409820557,53677.0,1669.0,46,8,38,580.0,2287.0,1082,test_oneHundredPriority_3.csv,64,3,57.296875,3.046875,204,0,,
IP,305.39724588394165,54050.0,2042.0,51,8,43,307.0,2457.0,1278,test_oneHundredPriority_3.csv,64,3,57.296875,3.046875,204,0,,False
GBOOBD,0.05219697952270508,5373.0,165.0,35,8,27,510.0,1657.0,1579,test_oneHundredTwentyLocation_3.csv,64,3,61.53125,2.875,205,0,,
GBOFRT,0.008571863174438477,5401.0,193.0,33,8,25,618.0,1591.0,1720,test_oneHundredTwentyLocation_3.csv,64,3,61.53125,2.875,205,0,,
GBOPOA,0.008653879165649414,5385.0,177.0,34,8,26,488.0,1757.0,1663,test_oneHundredTwentyLocation_3.csv,64,3,61.53125,2.875,205,0,,
GBOOBP,0.008729934692382812,5401.0,193.0,33,8,25,618.0,1591.0,1720,test_oneHundredTwentyLocation_3.csv,64,3,61.53125,2.875,205,0,,
GPC,0.09330201148986816,2142.0,189.0,35,3,32,277.0,2307.0,1381,test_oneHundredTwentyLocation_3.csv,64,3,61.53125,2.875,205,0,,
VNS,303.63637590408325,5416.0,208.0,36,8,28,303.0,1764.0,1791,test_oneHundredTwentyLocation_3.csv,64,3,61.53125,2.875,205,0,5401.0,
TRI,300.0061089992523,5402.0,194.0,38,8,30,396.0,1854.0,1661,test_oneHundredTwentyLocation_3.csv,64,3,61.53125,2.875,205,0,,
IP,305.3795440196991,5446.0,238.0,40,8,32,276.9999999999993,1968.0,1718,test_oneHundredTwentyLocation_3.csv,64,3,61.53125,2.875,205,0,,False
GBOOBD,0.05295395851135254,564.0,36.0,44,8,36,458.0,2356.0,1231,test_onePriority_3.csv,64,3,63.875,3.234375,217,0,,
GBOFRT,0.0092010498046875,564.0,36.0,44,8,36,458.0,2356.0,1231,test_onePriority_3.csv,64,3,63.875,3.234375,217,0,,
GBOPOA,0.008801937103271484,561.0,33.0,41,8,33,392.0,2420.0,1182,test_onePriority_3.csv,64,3,63.875,3.234375,217,0,,
GBOOBP,0.009063005447387695,564.0,36.0,44,8,36,458.0,2356.0,1231,test_onePriority_3.csv,64,3,63.875,3.234375,217,0,,
GPC,0.11914706230163574,432.0,36.0,42,6,36,440.0,2355.0,1148,test_onePriority_3.csv,64,3,63.875,3.234375,217,0,,
VNS,303.83290004730225,566.0,38.0,46,8,38,165.0,2481.0,1269,test_onePriority_3.csv,64,3,63.875,3.234375,217,0,564.0,
TRI,300.0029890537262,566.0,38.0,46,8,38,504.0,2500.0,1109,test_onePriority_3.csv,64,3,63.875,3.234375,217,0,,
IP,305.4444971084595,566.0,38.0,46,8,38,83.00000000000136,2657.0,1198,test_onePriority_3.csv,64,3,63.875,3.234375,217,0,,False
GBOOBD,0.07844996452331543,19572.0,207.0,55,15,40,256.0,2470.0,1250,test_oneTwentyEightTask_3.csv,128,3,61.6328125,2.765625,209,0,,
GBOFRT,0.024116039276123047,19609.0,244.0,48,15,33,326.0,2609.0,1069,test_oneTwentyEightTask_3.csv,128,3,61.6328125,2.765625,209,0,,
GBOPOA,0.02293992042541504,19559.0,194.0,44,15,29,370.0,2497.0,1203,test_oneTwentyEightTask_3.csv,128,3,61.6328125,2.765625,209,0,,
GBOOBP,0.025821924209594727,19609.0,244.0,48,15,33,326.0,2609.0,1069,test_oneTwentyEightTask_3.csv,128,3,61.6328125,2.765625,209,0,,
GPC,0.4174211025238037,4118.0,245.0,47,3,44,265.0,2584.0,1205,test_oneTwentyEightTask_3.csv,128,3,61.6328125,2.765625,209,0,,
VNS,304.42209792137146,19609.0,244.0,48,15,33,237.0,2609.0,1069,test_oneTwentyEightTask_3.csv,128,3,61.6328125,2.765625,209,0,19609.0,
TRI,300.0174391269684,15695.0,203.0,52,12,40,293.0,2581.0,1210,test_oneTwentyEightTask_3.csv,128,3,61.6328125,2.765625,209,0,,
IP,332.69299697875977,14414.0,213.0,50,11,39,131.00000000000364,2617.0,1225,test_oneTwentyEightTask_3.csv,128,3,61.6328125,2.765625,209,0,,False
GBOOBD,0.057724952697753906,5434.0,226.0,46,8,38,446.0,2057.0,1440,test_oneWindow_3.csv,64,3,53.625,2.03125,212,0,,
GBOFRT,0.007231950759887695,5431.0,223.0,43,8,35,619.0,1954.0,1311,test_oneWindow_3.csv,64,3,53.625,2.03125,212,0,,
GBOPOA,0.007122039794921875,5429.0,221.0,41,8,33,724.0,1918.0,1316,test_oneWindow_3.csv,64,3,53.625,2.03125,212,0,,
GBOOBP,0.00716400146484375,5431.0,223.0,43,8,35,619.0,1954.0,1311,test_oneWindow_3.csv,64,3,53.625,2.03125,212,0,,
GPC,0.12744498252868652,4115.0,209.0,42,6,36,598.0,2104.0,1250,test_oneWindow_3.csv,64,3,53.625,2.03125,212,0,,
VNS,303.7549819946289,5434.0,226.0,46,8,38,317.0,2057.0,1440,test_oneWindow_3.csv,64,3,53.625,2.03125,212,0,5434.0,
TRI,300.005038022995,5441.0,233.0,46,8,38,585.0,2237.0,1144,test_oneWindow_3.csv,64,3,53.625,2.03125,212,0,,
IP,305.3626708984375,5483.0,275.0,54,8,46,184.00000000000136,2531.0,1338,test_oneWindow_3.csv,64,3,53.625,2.03125,212,0,,False
GBOOBD,0.05968594551086426,5550.0,342.0,63,8,55,2516.0,3751.0,1710,test_sevenDay_3.csv,64,7,60.0625,6.84375,210,0,,
GBOFRT,0.011061906814575195,5538.0,330.0,60,8,52,1826.0,3533.0,1621,test_sevenDay_3.csv,64,7,60.0625,6.84375,210,0,,
GBOPOA,0.010894060134887695,5547.0,339.0,62,8,54,1383.0,3697.0,1686,test_sevenDay_3.csv,64,7,60.0625,6.84375,210,0,,
GBOOBP,0.011847972869873047,5538.0,330.0,60,8,52,1826.0,3533.0,1621,test_sevenDay_3.csv,64,7,60.0625,6.84375,210,0,,
GPC,0.16299986839294434,5534.0,326.0,61,8,53,2052.0,3516.0,1732,test_sevenDay_3.csv,64,7,60.0625,6.84375,210,0,,
VNS,304.2518470287323,5550.0,342.0,63,8,55,2080.0,3751.0,1710,test_sevenDay_3.csv,64,7,60.0625,6.84375,210,0,5550.0,
TRI,300.00603103637695,5551.0,343.0,64,8,56,1682.0,3844.0,1714,test_sevenDay_3.csv,64,7,60.0625,6.84375,210,0,,
IP,312.36782693862915,5536.0,328.0,62,8,54,2998.0000000000327,3664.0,1748,test_sevenDay_3.csv,64,7,60.0625,6.84375,210,0,,False
GBOOBD,0.02482891082763672,4735.0,178.0,42,7,35,479.0,2360.0,1218,test_sixteenDependencies_3.csv,64,3,60.234375,2.921875,216,16,,
GBOFRT,0.007421016693115234,5401.0,193.0,41,8,33,517.0,2309.0,1129,test_sixteenDependencies_3.csv,64,3,60.234375,2.921875,216,16,,
GBOPOA,0.007088899612426758,4760.0,203.0,42,7,35,470.0,2355.0,1156,test_sixteenDependencies_3.csv,64,3,60.234375,2.921875,216,16,,
GBOOBP,0.0074329376220703125,4764.0,207.0,44,7,37,359.0,2408.0,1234,test_sixteenDependencies_3.csv,64,3,60.234375,2.921875,216,16,,
GPC,0.08307814598083496,2780.0,176.0,38,4,34,851.0,2126.0,952,test_sixteenDependencies_3.csv,64,3,60.234375,2.921875,216,16,,
VNS,303.7557120323181,4776.0,219.0,47,7,40,68.0,2563.0,1266,test_sixteenDependencies_3.csv,64,3,60.234375,2.921875,216,16,4764.0,
TRI,300.0058751106262,5397.0,189.0,42,8,34,610.0,2325.0,1116,test_sixteenDependencies_3.csv,64,3,60.234375,2.921875,216,16,,
IP,305.4663579463959,5421.0,213.0,48,8,40,381.00000000000136,2488.0,1144,test_sixteenDependencies_3.csv,64,3,60.234375,2.921875,216,16,,False
GBOOBD,0.02553582191467285,10606.0,190.0,47,16,31,370.0,2228.0,1253,test_sixteenRequired_3.csv,64,3,58.484375,2.84375,213,0,,
GBOFRT,0.008595943450927734,10611.0,195.0,45,16,29,619.0,2145.0,1148,test_sixteenRequired_3.csv,64,3,58.484375,2.84375,213,0,,
GBOPOA,0.00872802734375,10623.0,207.0,47,16,31,581.0,2131.0,1144,test_sixteenRequired_3.csv,64,3,58.484375,2.84375,213,0,,
GBOOBP,0.008992910385131836,10611.0,195.0,45,16,29,619.0,2145.0,1148,test_sixteenRequired_3.csv,64,3,58.484375,2.84375,213,0,,
GPC,0.12443709373474121,7983.0,171.0,43,12,31,410.0,2393.0,1258,test_sixteenRequired_3.csv,64,3,58.484375,2.84375,213,0,,
VNS,303.7277629375458,10627.0,211.0,48,16,32,433.0,2200.0,1145,test_sixteenRequired_3.csv,64,3,58.484375,2.84375,213,0,10623.0,
TRI,300.00390887260437,10612.0,196.0,48,16,32,470.0,2285.0,1258,test_sixteenRequired_3.csv,64,3,58.484375,2.84375,213,0,,
IP,305.4563059806824,10654.0,238.0,50,16,34,301.000000000003,2640.0,1173,test_sixteenRequired_3.csv,64,3,58.484375,2.84375,213,0,,False
GBOOBD,0.012703180313110352,438.0,96.0,16,2,14,1027.0,722.0,429,test_sixteenTask_3.csv,16,3,45.125,2.75,211,0,,
GBOFRT,0.0010499954223632812,438.0,96.0,16,2,14,950.0,722.0,447,test_sixteenTask_3.csv,16,3,45.125,2.75,211,0,,
GBOPOA,0.0010228157043457031,438.0,96.0,16,2,14,932.0,722.0,465,test_sixteenTask_3.csv,16,3,45.125,2.75,211,0,,
GBOOBP,0.0010418891906738281,438.0,96.0,16,2,14,950.0,722.0,447,test_sixteenTask_3.csv,16,3,45.125,2.75,211,0,,
GPC,0.004034996032714844,438.0,96.0,16,2,14,1054.0,722.0,402,test_sixteenTask_3.csv,16,3,45.125,2.75,211,0,,
VNS,303.6067359447479,438.0,96.0,16,2,14,704.0,722.0,447,test_sixteenTask_3.csv,16,3,45.125,2.75,211,0,438.0,
TRI,300.00077199935913,438.0,96.0,16,2,14,1419.0,722.0,425,test_sixteenTask_3.csv,16,3,45.125,2.75,211,0,,
IP,0.32143092155456543,438.0,96.0,16,2,14,2098.0,722.0,420,test_sixteenTask_3.csv,16,3,45.125,2.75,211,0,,True
GBOOBD,0.04098820686340332,5502.0,294.0,60,8,52,668.0,1650.0,1792,test_sixtyDuration_3.csv,64,3,28.0625,3.109375,205,0,,
GBOFRT,0.008012056350708008,5488.0,280.0,55,8,47,1014.0,1456.0,1578,test_sixtyDuration_3.csv,64,3,28.0625,3.109375,205,0,,
GBOPOA,0.007946968078613281,5504.0,296.0,60,8,52,503.0,1667.0,1748,test_sixtyDuration_3.csv,64,3,28.0625,3.109375,205,0,,
GBOOBP,0.008121013641357422,5488.0,280.0,55,8,47,1014.0,1456.0,1578,test_sixtyDuration_3.csv,64,3,28.0625,3.109375,205,0,,
GPC,0.14775419235229492,4830.0,273.0,57,7,50,781.0,1561.0,1471,test_sixtyDuration_3.csv,64,3,28.0625,3.109375,205,0,,
VNS,304.87117290496826,5505.0,297.0,61,8,53,310.0,1695.0,1791,test_sixtyDuration_3.csv,64,3,28.0625,3.109375,205,0,5504.0,
TRI,300.00753116607666,5507.0,299.0,62,8,54,702.0,1713.0,1629,test_sixtyDuration_3.csv,64,3,28.0625,3.109375,205,0,,
IP,305.4782609939575,5509.0,301.0,61,8,53,376.0,1656.0,1767,test_sixtyDuration_3.csv,64,3,28.0625,3.109375,205,0,,False
GBOOBD,0.029611825942993164,5364.0,156.0,45,8,37,356.0,2343.0,1179,test_sixtyFourConsistent_3.csv,64,3,62.953125,4.640625,227,0,,
GBOFRT,0.010673999786376953,5406.0,198.0,43,8,35,447.0,2310.0,1082,test_sixtyFourConsistent_3.csv,64,3,62.953125,4.640625,227,0,,
GBOPOA,0.010012149810791016,5407.0,199.0,43,8,35,366.0,2257.0,1169,test_sixtyFourConsistent_3.csv,64,3,62.953125,4.640625,227,0,,
GBOOBP,0.01234292984008789,5406.0,198.0,43,8,35,447.0,2310.0,1082,test_sixtyFourConsistent_3.csv,64,3,62.953125,4.640625,227,0,,
GPC,0.13896489143371582,4081.0,175.0,44,6,38,244.0,2424.0,1080,test_sixtyFourConsistent_3.csv,64,3,62.953125,4.640625,227,0,,
VNS,303.84184217453003,5415.0,207.0,46,8,38,112.0,2435.0,1254,test_sixtyFourConsistent_3.csv,64,3,62.953125,4.640625,227,0,5407.0,
TRI,300.0040879249573,5401.0,193.0,46,8,38,409.0,2498.0,928,test_sixtyFourConsistent_3.csv,64,3,62.953125,4.640625,227,0,,
IP,305.4381649494171,5394.0,186.0,44,8,36,458.0000000000211,2304.0,1137,test_sixtyFourConsistent_3.csv,64,3,62.953125,4.640625,227,0,,False
GBOOBD,0.02838897705078125,5429.0,221.0,52,8,44,666.0,2476.0,729,test_thirtyLocation_3.csv,64,3,55.515625,3.109375,212,0,,
GBOFRT,0.008647918701171875,5460.0,252.0,52,8,44,582.0,2567.0,765,test_thirtyLocation_3.csv,64,3,55.515625,3.109375,212,0,,
GBOPOA,0.008593082427978516,5461.0,253.0,53,8,45,729.0,2516.0,699,test_thirtyLocation_3.csv,64,3,55.515625,3.109375,212,0,,
GBOOBP,0.009097099304199219,5460.0,252.0,52,8,44,582.0,2567.0,765,test_thirtyLocation_3.csv,64,3,55.515625,3.109375,212,0,,
GPC,0.1387779712677002,4785.0,228.0,50,7,43,660.0,2506.0,663,test_thirtyLocation_3.csv,64,3,55.515625,3.109375,212,0,,
VNS,303.3812210559845,5472.0,264.0,56,8,48,360.0,2780.0,708,test_thirtyLocation_3.csv,64,3,55.515625,3.109375,212,0,5461.0,
TRI,300.0088620185852,5468.0,260.0,55,8,47,355.0,2765.0,738,test_thirtyLocation_3.csv,64,3,55.515625,3.109375,212,0,,
IP,305.42074489593506,5477.0,269.0,59,8,51,332.0000000000015,3044.0,774,test_thirtyLocation_3.csv,64,3,55.515625,3.109375,212,0,,False
GBOOBD,0.025884151458740234,5434.0,226.0,48,8,40,342.0,2230.0,1307,test_thirtyTwoConsistent_3.csv,64,3,52.96875,3.765625,217,0,,
GBOFRT,0.009242057800292969,5444.0,236.0,45,8,37,423.0,2170.0,1341,test_thirtyTwoConsistent_3.csv,64,3,52.96875,3.765625,217,0,,
GBOPOA,0.009541034698486328,5433.0,225.0,45,8,37,671.0,2171.0,1263,test_thirtyTwoConsistent_3.csv,64,3,52.96875,3.765625,217,0,,
GBOOBP,0.010489940643310547,5444.0,236.0,45,8,37,423.0,2170.0,1341,test_thirtyTwoConsistent_3.csv,64,3,52.96875,3.765625,217,0,,
GPC,0.13088083267211914,3453.0,198.0,43,5,38,435.0,2091.0,1332,test_thirtyTwoConsistent_3.csv,64,3,52.96875,3.765625,217,0,,
VNS,303.57890796661377,5449.0,241.0,47,8,39,231.0,2275.0,1309,test_thirtyTwoConsistent_3.csv,64,3,52.96875,3.765625,217,0,5444.0,
TRI,300.0065190792084,5440.0,232.0,47,8,39,580.0,2186.0,1323,test_thirtyTwoConsistent_3.csv,64,3,52.96875,3.765625,217,0,,
IP,305.43953800201416,5456.0,248.0,51,8,43,255.00000000001276,2394.0,1391,test_thirtyTwoConsistent_3.csv,64,3,52.96875,3.765625,217,0,,False
GBOOBD,0.02230978012084961,2109.0,156.0,33,3,30,766.0,2053.0,978,test_thirtyTwoDependencies_3.csv,64,3,61.546875,3.234375,199,32,,
GBOFRT,0.0068569183349609375,5374.0,166.0,35,8,27,844.0,1963.0,999,test_thirtyTwoDependencies_3.csv,64,3,61.546875,3.234375,199,32,,
GBOPOA,0.00577998161315918,2131.0,178.0,34,3,31,500.0,2093.0,1012,test_thirtyTwoDependencies_3.csv,64,3,61.546875,3.234375,199,32,,
GBOOBP,0.005800008773803711,2128.0,175.0,33,3,30,784.0,2016.0,1070,test_thirtyTwoDependencies_3.csv,64,3,61.546875,3.234375,199,32,,
GPC,0.07668805122375488,3443.0,188.0,38,5,33,476.0,2134.0,1225,test_thirtyTwoDependencies_3.csv,64,3,61.546875,3.234375,199,32,,
VNS,303.48439502716064,4128.0,222.0,44,6,38,35.0,2471.0,1346,test_thirtyTwoDependencies_3.csv,64,3,61.546875,3.234375,199,32,3443.0,
TRI,300.00549602508545,5395.0,187.0,39,8,31,517.0,2236.0,1055,test_thirtyTwoDependencies_3.csv,64,3,61.546875,3.234375,199,32,,
IP,305.4379370212555,4762.0,205.0,43,7,36,255.0000000000005,2568.0,1215,test_thirtyTwoDependencies_3.csv,64,3,61.546875,3.234375,199,32,,False
GBOOBD,0.02689385414123535,20917.0,85.0,45,32,13,577.0,2275.0,1321,test_thirtyTwoRequired_3.csv,64,3,57.875,2.953125,211,0,,
GBOFRT,0.009134054183959961,20919.0,87.0,44,32,12,430.0,2367.0,1234,test_thirtyTwoRequired_3.csv,64,3,57.875,2.953125,211,0,,
GBOPOA,0.008903026580810547,20924.0,92.0,44,32,12,410.0,2286.0,1221,test_thirtyTwoRequired_3.csv,64,3,57.875,2.953125,211,0,,
GBOOBP,0.008990049362182617,20919.0,87.0,44,32,12,430.0,2367.0,1234,test_thirtyTwoRequired_3.csv,64,3,57.875,2.953125,211,0,,
GPC,0.12705707550048828,13820.0,149.0,43,21,22,330.0,2341.0,1322,test_thirtyTwoRequired_3.csv,64,3,57.875,2.953125,211,0,,
VNS,303.6337170600891,20944.0,112.0,48,32,16,164.0,2437.0,1273,test_thirtyTwoRequired_3.csv,64,3,57.875,2.953125,211,0,20924.0,
TRI,300.00358486175537,19621.0,91.0,44,30,14,489.0,2258.0,1239,test_thirtyTwoRequired_3.csv,64,3,57.875,2.953125,211,0,,
IP,305.43901801109314,19680.0,150.0,51,30,21,141.99999999998863,2565.0,1468,test_thirtyTwoRequired_3.csv,64,3,57.875,2.953125,211,0,,False
GBOOBD,0.020415067672729492,1471.0,147.0,32,4,28,1094.0,1895.0,884,test_thirtyTwoTask_3.csv,32,3,59.21875,3.375,227,0,,
GBOFRT,0.002969026565551758,1469.0,145.0,30,4,26,691.0,1709.0,753,test_thirtyTwoTask_3.csv,32,3,59.21875,3.375,227,0,,
GBOPOA,0.0029599666595458984,1470.0,146.0,31,4,27,1198.0,1804.0,742,test_thirtyTwoTask_3.csv,32,3,59.21875,3.375,227,0,,
GBOOBP,0.0038111209869384766,1469.0,145.0,30,4,26,691.0,1709.0,753,test_thirtyTwoTask_3.csv,32,3,59.21875,3.375,227,0,,
GPC,0.02413797378540039,1447.0,123.0,29,4,25,1138.0,1754.0,862,test_thirtyTwoTask_3.csv,32,3,59.21875,3.375,227,0,,
VNS,303.556184053421,1471.0,147.0,32,4,28,763.0,1895.0,884,test_thirtyTwoTask_3.csv,32,3,59.21875,3.375,227,0,1471.0,
TRI,300.00271010398865,1471.0,147.0,32,4,28,841.0,1895.0,829,test_thirtyTwoTask_3.csv,32,3,59.21875,3.375,227,0,,
IP,8.58328104019165,1471.0,147.0,32,4,28,992.9999999999995,1895.0,1013,test_thirtyTwoTask_3.csv,32,3,59.21875,3.375,227,0,,True
GBOOBD,0.025272846221923828,5297.0,89.0,26,8,18,522.0,2579.0,648,test_threeHundredSixtyDuration_3.csv,64,3,178.46875,2.71875,265,0,,
GBOFRT,0.007717132568359375,5305.0,97.0,24,8,16,448.0,2622.0,670,test_threeHundredSixtyDuration_3.csv,64,3,178.46875,2.71875,265,0,,
GBOPOA,0.006805896759033203,5296.0,88.0,22,8,14,420.0,2746.0,536,test_threeHundredSixtyDuration_3.csv,64,3,178.46875,2.71875,265,0,,
GBOOBP,0.007224082946777344,5305.0,97.0,24,8,16,448.0,2622.0,670,test_threeHundredSixtyDuration_3.csv,64,3,178.46875,2.71875,265,0,,
GPC,0.05408978462219238,3341.0,86.0,22,5,17,450.0,2911.0,501,test_threeHundredSixtyDuration_3.csv,64,3,178.46875,2.71875,265,0,,
VNS,303.5968461036682,5312.0,104.0,26,8,18,209.0,2784.0,700,test_threeHundredSixtyDuration_3.csv,64,3,178.46875,2.71875,265,0,5305.0,
TRI,300.0058100223541,5295.0,87.0,24,8,16,620.0,2398.0,625,test_threeHundredSixtyDuration_3.csv,64,3,178.46875,2.71875,265,0,,
IP,305.40196800231934,5328.0,120.0,30,8,22,339.99999999999784,3072.0,735,test_threeHundredSixtyDuration_3.csv,64,3,178.46875,2.71875,265,0,,False
